name,category,price,addtime
浪琴Longines-心月系列 L8.111.4.87.6 机械女表,浪琴,14962.5,
浪琴longines-瑰丽系列 L4.804.2.11.2 机械男表,浪琴,10045,
浪琴Longines-康卡斯系列 L3.741.4.56.6 机械男表,浪琴,10200,
浪琴longines-心月系列 L8.110.4.87.6 女士石英表,浪琴,10660,
浪琴longines-名匠系列 L2.755.4.78.6 机械男表,浪琴,17525,
浪琴longines-嘉岚系列 L4.209.4.87.6 女士石英表,浪琴,11787.5,
浪琴longines-康卡斯系列 L3.741.4.96.6 机械男表,浪琴,10200,
浪琴longines-军旗系列 L4.274.4.12.6 机械女表,浪琴,11172.5,
浪琴Longines-律雅系列 L4.360.4.12.6 机械女表,浪琴,10350,
浪琴Longines-嘉岚系列 L4.209.1.97.7 女士石英表,浪琴,13325,
浪琴longines-康卡斯系列 L3.742.4.56.6 机械男表,浪琴,10200,
浪琴Longines-瑰丽系列 L4.321.2.11.7 机械女表,浪琴,10250,
浪琴Longines-典藏系列 L2.142.4.73.4 机械女表,浪琴,15375,
浪琴Longines-名匠系列 L2.673.4.78.6 机械男表,浪琴,26035,
浪琴longines-律雅系列 L4.860.4.72.6 机械男表,浪琴,10352.5,
浪琴Longines-名匠系列 L2.257.4.78.6 机械女表,浪琴,15170,
浪琴Longines-名匠系列 L2.708.4.78.3 机械男表,浪琴,17937.5,
浪琴longines-典藏系列 L2.142.4.73.6  机械女表,浪琴,15887.5,
浪琴Longines-律雅系列 L4.759.4.72.6 男士石英表,浪琴,7275,
浪琴Longines-嘉岚系列 L4.209.4.11.2 女士石英表,浪琴,8097.5,
浪琴longines-律雅系列 L4.759.4.11.6 男士石英表,浪琴,7275,
浪琴longines-博雅系列 L4.810.4.11.2 自动机械男表,浪琴,13837.5,
浪琴Longines-名匠系列  L2.793.4.51.7  机械男表,浪琴,15990,
浪琴Longines-名匠系列 L2.628.4.57.6 机械男表,浪琴,18860,
浪琴longines-名匠系列 L2.673.4.51.6 机械男表,浪琴,26035,
浪琴Longines-索伊米亚系列 L2.753.5.52.7 机械男表,浪琴,28000,
浪琴longines-名匠系列 L2.908.4.78.6 自动机械男表 ,浪琴,19262.5,
浪琴longines-名匠系列 L2.755.5.77.7 机械男表,浪琴,27777.5,
浪琴Longines- 开创者系列 L2.821.4.72.6 机械男表,浪琴,16912.5,
浪琴longines-嘉岚系列 L4.908.4.11.2 自动机械中性表,浪琴,12402.5,
浪琴longines-康卡斯系列 L3.716.4.76.6 石英男表 ,浪琴,8097.5,
浪琴longines-康卡斯系列 L3.716.4.56.6 石英男表 ,浪琴,8097.5,
浪琴Longines-黛绰维纳系列 L5.155.5.71.7 女士石英表,浪琴,18712.5,
浪琴Longines-名匠系列 L2.257.5.89.7 玫瑰金、母贝钻石、女士机械手表,浪琴,22037.5,
浪琴longines-名匠系列 L2.628.4.97.6 机械男表 ,浪琴,18860,
浪琴longines-瑰丽系列 L4.220.2.11.7 女士石英表,浪琴,7277.5,
浪琴LONGINES-瑰丽系列 L4.720.2.32.7 男士石英表,浪琴,7072.5,
浪琴Longines-名匠系列 L2.629.4.78.6 机械男表,浪琴,21832.5,
浪琴Longines-索伊米亚系列 L2.752.4.73.6 自动机械男表,浪琴,25522.5,
浪琴longines-瑰丽系列 L4.805.2.11.7 机械男表 ,浪琴,12500,
浪琴longines-瑰丽系列 L4.805.1.11.7 机械男表,浪琴,12500,
浪琴Longines-索伊米亚系列 L2.784.4.52.3 自动机械表,浪琴,24497.5,
浪琴Longines-博雅系列 L4.810.5.77.7 机械男表,浪琴,24287.5,
浪琴Longines-嘉岚系列 L4.209.1.91.7 石英女表,浪琴,10045,
浪琴Longines-博雅系列 L4.309.4.87.6 机械女表,浪琴,15887.5,
浪琴longines-军旗系列 L2.320.4.11.6 自动机械女表 ,浪琴,15682.5,
浪琴Longines-律雅系列 L4.360.4.12.6 机械女表,浪琴,9090,
卡西欧CASIO-EDIFICE系列 EFR-526D-7AVUPF 男士石英表,卡西欧,990,
" 【特惠商品一口价！不参加用券】卡西欧CASIO-EDIFICE系列 EFR-526D-1AVUPF 男士石英表",卡西欧,990,
" 【特惠商品一口价！不参加用券】卡西欧CASIO-G-SHOCK系列 DW-5600E-1VPF 运动液晶男表",卡西欧,790,
" 【特惠商品一口价！不参加用券】卡西欧CASIO-SHEEN系列  SHE-4523PGL-7AUPR 女士太阳能手表",卡西欧,1677.5,
卡西欧（CAISO）-G-SHOCK-EDIFICE系列  EFV-540D-1AVUPR 男士石英表,卡西欧,737.5,
" 【特惠商品一口价！不参加用券】卡西欧CASIO-SHEEN系列 SHE-4516SBD-7CUPR 时尚防水女表",卡西欧,1790,
卡西欧CASIO-G-SHOCK-EDIFICE系列 EFV-540L-1AVUPR 石英男表,卡西欧,737.5,
卡西欧CASIO-BABY-G系列 BA-110BE-7APR 时尚女表,卡西欧,890,
卡西欧CASIO-EDIFICE系列 EFR-526L-1AVUPF 男士石英表,卡西欧,890,
【特惠商品一口价！不参加用券】卡西欧CASIO-G-SHOCK系列 GA-110BY-1APR  时尚街头手表户外运动,卡西欧,987.5,
【特惠商品一口价!不参加用券】卡西欧SHEEN系列 SHE-4516SBD-7AUPR防水时尚太阳能女士手表,卡西欧,1566.25,
卡西欧CASIO-EDIFICE系列 EFR-517L-1AVPR 石英男表,卡西欧,1590,
" 【特惠商品一口价！不参加用券】卡西欧CASIO-SHEEN系列 SHE-3030GL-7AUPR 防水时尚石英女表",卡西欧,1090,
卡西欧BABY-G系列 GA-100CF-1A9PR 时尚街头手表户外运动男表,卡西欧,1190,
卡西欧G-SHOCK系列 GA-100CF-1APR迷彩户外运动防水男表,卡西欧,1190,
" 【特惠商品一口价！不参加用券】卡西欧Casio-EDIFICE系列 EFR-526BK-1A2VUPF 时尚石英男表",卡西欧,1490,
卡西欧CASIO-经典指针系列 MTP-E108L-7AVDF 商务休闲石英男表,卡西欧,423.75,
" 【特惠商品一口价！不参加用券】卡西欧CASIO-Edifice系列 EFR-304BL-1AVUPF 男士石英表",卡西欧,1290,
卡西欧CASIO-Edifice系列 EFR-303D-1AVUPR 男士石英表,卡西欧,1490,
卡西欧CASIO-G-SHOCK系列 GG-1000-1A3PR （绿色）时尚街头手表户外运动男表,卡西欧,1990,
" 【特惠商品一口价！不参加用券】卡西欧CASIO-G-SHOCK系列 G-5600E-1PR 户外男士手表",卡西欧,1190,
" 【特惠商品一口价！不参加用券】卡西欧CASIO-SHEEN系列 SHE-4048PGL-7AUPR 女士石英表",卡西欧,987.5,
卡西欧CASIO-EDIFICE系列 EF-343BK-1AVPF 防水石英男表,卡西欧,1490,
卡西欧CASIO-时尚系列 MTH-1052L-1AVPR 石英男表,卡西欧,622.5,
卡西欧CASIO-时尚系列 MTP-1303D-1AVDF 石英男表,卡西欧,447.5,
卡西欧G-SHOCK系列 GG-1000-1APR （黑色）潮流时尚运动表,卡西欧,1987.5,
" 【特惠商品一口价！不参加用券】卡西欧 G-SHOCK系列 GA-700-1APR 潮流时尚男表",卡西欧,990,
卡西欧CASIO-SHEEN系列 SHE-3034GL-7AUPR 商务石英女表,卡西欧,1300,
卡西欧CASIO-SHEEN系列 SHE-4048PGL-9AUPR 女士石英表,卡西欧,990,
" 【特惠商品一口价！不参加用券】卡西欧CASIO-BABY-G系列 BGA-240-7APR 潮流运动女表",卡西欧,740,
【特惠商品一口价!不参加用券】卡西欧CASIO-SHEEN系列  SHE-4048PGL-6AUPR 女士石英表,卡西欧,927.5,
卡西欧CASIO-EDIFICE系列 EFR-539BK-1A2VUPF  男士石英表,卡西欧,1690,
卡西欧CASIO-SHEEN系列  SHE-4522D-2AUPR 女士太阳能手表,卡西欧,1677.5,
卡西欧CASIO-时尚系列 MTH-1058D-7AVPF 石英男表,卡西欧,536.25,
卡西欧CASIO-G-SHOCK系列 GG-1000GB-1APR 潮流时尚运动男表,卡西欧,2090,
卡西欧CASIO-SHEEN系列  SHE-4029PGL-7AUPR 女士石英表,卡西欧,990,
" 【特惠商品一口价！不参加用券】卡西欧CASIO-EDIFICE系列 EFB-104SBB-1AVUPR 防水太阳能男表",卡西欧,1490,
卡西欧casio-EDIFICE系列 EQB-501XYDB-1AMPR 蓝牙太阳能男表,卡西欧,2595,
卡西欧CASIO-G-SHOCK系列 GA-710-1A2PR 潮流时尚男表,卡西欧,1012.5,
卡西欧（CASIO）-BABY-G系列 BGD-560-4PR 石英女表,卡西欧,600,
卡西欧CASIO-BABY-G系列 BA-110-4A2PR 石英女表,卡西欧,890,
卡西欧casio-SHEEN系列 SHE-5520PGL-7AUPR 石英女表,卡西欧,1487.5,
卡西欧CASIO-SHEEN系列 SHE-3057PGL-7AUPR 女士石英表,卡西欧,1387.5,
卡西欧CASIO-Edifice系列 ETD-300D-1AVUPR 男士石英表,卡西欧,1397.5,
卡西欧CASIO-时尚系列 MTP-1375L-1AVDF 石英男表,卡西欧,491.25,
卡西欧CASIO-SPORT系列 PRX-2000YT-1D 男士光能表(无货）,卡西欧,12487.5,
卡西欧Casio-EDIFICE系列 EQS-600YDB-1A2UPR 太阳能男表,卡西欧,1865,
卡西欧CASIO-PROTREK系列 PRW-6100YT-1BPR 太阳能运动户外登山男士手表,卡西欧,5287.5,
[瑞士原装正品，全球联保]欧米茄Omega-碟飞系列 424.10.37.20.02.001 机械男表,欧米茄,28500,
[瑞士原装正品，全球联保]欧米茄Omega-碟飞系列 424.13.40.20.02.001 机械男表,欧米茄,26812.5,
[瑞士原装正品，全球联保]欧米茄Omega-海马系列 212.30.41.20.03.001 机械男表,欧米茄,33210,
[瑞士原装正品，全球联保]欧米茄Omega-碟飞系列 424.13.40.20.01.001 机械男表,欧米茄,27500,
[瑞士原装正品，全球联保]欧米茄OMEGA-碟飞系列 424.13.40.20.02.002  机械男表,欧米茄,27500,
欧米茄Omega-星座系列 123.20.24.60.55.001 女士石英表,欧米茄,35465,
欧米茄OMEGA-碟飞系列 424.10.40.20.02.001 机械男表,欧米茄,29212.5,
欧米茄Omega-星座系列 123.20.27.60.08.001 女士石英表,欧米茄,31775,
欧米茄Omega-碟飞系列 424.10.37.20.03.001 机械男表,欧米茄,29212.5,
[瑞士原装正品，全球联保]欧米茄Omega-海马系列 212.30.41.20.01.003 机械男表,欧米茄,33200,
[瑞士原装正品，全球联保]欧米茄OMEGA-碟飞系列 424.13.40.20.03.001 机械男表,欧米茄,27500,
[瑞士原装正品，全球联保]欧米茄Omega-碟飞系列 424.10.37.20.01.001 机械男表,欧米茄,29212.5,
[瑞士原装正品，全球联保]欧米茄Omega-碟飞系列 424.13.40.21.02.001 机械男表,欧米茄,37412.5,
欧米茄Omega-星座系列 123.10.27.60.55.002 女士石英表,欧米茄,25932.5,
欧米茄Omega-星座系列 123.10.35.20.52.001 机械男表,欧米茄,42230,
欧米茄OMEGA-蝶飞系列  424.13.40.21.02.002 机械男表,欧米茄,37412.5,
欧米茄Omega-海马系列 231.10.42.21.03.003 机械男表,欧米茄,45920,
欧米茄Omega-碟飞典雅系列 424.10.33.20.53.001 机械、镶钻女表,欧米茄,31775,
欧米茄Omega-星座系列 123.20.35.20.58.001 机械男表,欧米茄,60475,
欧米茄Omega-星座系列 123.10.35.20.01.001 自动机械男表,欧米茄,33210,
欧米茄OMEGA-碟飞系列 424.10.40.20.02.002 机械男表,欧米茄,29212.5,
欧米茄OMEGA-碟飞系列 424.10.40.20.02.003 机械男表,欧米茄,29212.5,
欧米茄Omega-星座系列 123.10.38.21.51.001 机械男表,欧米茄,56375,
欧米茄Omega-星座系列 123.20.35.20.52.002 机械男表,欧米茄,60475,
欧米茄Omega-蝶飞系列 424.10.27.60.52.001 石英女表,欧米茄,25112.5,
欧米茄Omega-超霸系列 326.32.40.50.01.001 机械男表,欧米茄,35465,
欧米茄OMEGA-蝶飞系列  424.23.40.21.58.001 机械男表,欧米茄,56887.5,
欧米茄Omega-星座系列 123.20.27.60.55.001 女士石英表,欧米茄,37720,
欧米茄Omega-星座系列 123.20.35.20.02.002 机械男表,欧米茄,51352.5,
欧米茄Omega-星座系列 123.20.35.20.52.001 机械男表,欧米茄,60475,
欧米茄Omega-碟飞系列 424.13.40.21.01.001 机械男表,欧米茄,37412.5,
欧米茄Omega-星座系列 123.10.38.21.02.003 机械男表,欧米茄,45510,
欧米茄Omega-星座系列 123.10.35.20.02.002 机械表,欧米茄,33210,
欧米茄Omega-星座系列 123.10.38.21.01.001 机械男表,欧米茄,45510,
欧米茄Omega-星座系列 123.20.24.60.55.002 女士石英表 ,欧米茄,35465,
欧米茄Omega-星座系列 123.20.38.21.02.008 机械男表,欧米茄,65497.5,
欧米茄Omega-星座系列 123.20.35.20.01.002 机械男表,欧米茄,51352.5,
欧米茄Omega-星座系列 123.20.35.20.02.006 机械表,欧米茄,51352.5,
欧米茄Omega-星座系列 123.10.35.20.03.002 机械表,欧米茄,33210,
欧米茄Omega-星座系列 123.20.35.20.01.001 机械男表,欧米茄,51352.5,
欧米茄Omega-星座系列 123.10.38.21.06.001 机械男表,欧米茄,45510,
欧米茄Omega-碟飞系列 424.13.27.60.52.001 石英女表,欧米茄,22345,
欧米茄Omega-碟飞系列 424.10.40.20.02.004 自动机械男表,欧米茄,29212.5,
欧米茄Omega-星座系列 123.10.35.20.01.002 机械男表,欧米茄,33210,
欧米茄OMEGA-星座系列 123.10.38.21.02.002 机械男表,欧米茄,45612.5,
欧米茄Omega-海马系列 220.20.38.20.56.002 机械女表,欧米茄,89482.5,
欧米茄Omega-星座系列 123.10.38.21.02.004 自动机械男表,欧米茄,45612.5,
欧米茄Omega-星座系列 127.10.27.20.55.001 机械女表,欧米茄,52582.5,
法国总统夫人之选 法国优雅时尚腕表品牌：Michel Herbelin赫柏林-City都市系列-蓝色星空 19515/1,赫柏林,2497.5,
法国总统夫人之选 法国优雅时尚腕表品牌：Michel Herbelin赫柏林-Perles珍珠系列-雅典娜女神 16,赫柏林,4165,
法国总统夫人之选 法国优雅时尚腕表品牌：Michel Herbelin赫柏林-Antarès恒星系列-总统夫人同,赫柏林,5100,
法国总统夫人之选 法国优雅时尚腕表品牌：Michel Herbelin赫柏林-Classiques经典系列-永恒绅士 1,赫柏林,2497.5,
法国总统夫人之选 法国优雅时尚腕表品牌：Michel Herbelin赫柏林-City都市系列 1669/04 男士自动,赫柏林,5437.5,
法国总统夫人之选 法国优雅时尚腕表品牌：Michel Herbelin赫柏林-Metropole大都会系列-诺曼底公,赫柏林,6937.5,
法国总统夫人之选 法国优雅时尚腕表品牌：Michel Herbelin赫柏林-City都市系列-法国绅士 1669/07,赫柏林,5437.5,
法国总统夫人之选 法国优雅时尚腕表品牌：Michel Herbelin赫柏林-Art Deco巴黎时尚系列-香榭丽,赫柏林,4100,
法国总统夫人之选 法国优雅时尚腕表品牌：Michel Herbelin赫柏林-Newport纽波特系列 12264/AP17 男,赫柏林,4300,
法国总统夫人之选 法国优雅时尚腕表品牌：Michel Herbelin赫柏林-Classiques经典系列 12443/P08GO ,赫柏林,2406.25,
法国总统夫人之选 法国优雅时尚腕表品牌：Michel Herbelin赫柏林-Metropole大都会系列-法国骑士,赫柏林,3600,
法国总统夫人之选 法国优雅腕表品牌：赫柏林Michel Herbelin-Perles 珍珠系列 -赫拉王后- 16873/44,赫柏林,4410,
法国总统夫人之选 法国优雅时尚腕表品牌：Michel Herbelin赫柏林-Metropole大都会系列-伯爵 1643/,赫柏林,6937.5,
法国总统夫人之选 法国优雅时尚腕表品牌：Michel Herbelin赫柏林-Salambo永恒系列-初恋少女 1741,赫柏林,3300,
法国总统夫人之选 法国优雅时尚腕表品牌：Michel Herbelin赫柏林-Inspiration灵感1947系列 1947/P11M,赫柏林,8023.75,
法国总统夫人之选 法国优雅时尚腕表品牌：Michel Herbelin赫柏林-Newport Connect纽波特科技系列 ,赫柏林,4725,
法国总统夫人之选 法国优雅时尚腕表品牌：Michel Herbelin赫柏林-Newport Connect纽波特科技系列 ,赫柏林,4725,
法国总统夫人之选 法国优雅时尚腕表品牌：Michel Herbelin赫柏林-City都市系列 19515/17MA 男士石,赫柏林,2062.5,
法国总统夫人之选 法国优雅时尚腕表品牌：Michel Herbelin赫柏林-Antarès恒星系列 COF.17048/89OB ,赫柏林,6660,
法国总统夫人之选 法国优雅腕表品牌：赫柏林Michel Herbelin Classiques经典系列 16945/B59  女士石,赫柏林,2388.75,
法国总统夫人之选 法国优雅时尚腕表品牌：Michel Herbelin赫柏林-City都市系列 17015/24 男士石,赫柏林,2200,
法国总统夫人之选 法国优雅腕表品牌：赫柏林Michel Herbelin-Salambo 永恒系列 -睡美人- 17471/B89 ,赫柏林,4712.5,
法国总统夫人之选 法国优雅腕表品牌：赫柏林Michel Herbelin-Perles 珍珠系列 -玫瑰人生- 16873/BP,赫柏林,6600,
法国总统夫人之选 法国优雅时尚腕表品牌：Michel Herbelin赫柏林-City都市系列 19515/01 男士石,赫柏林,2025,
法国总统夫人之选 法国优雅时尚腕表品牌：Michel Herbelin赫柏林-Antarès恒星系列 COF.17443/19WR ,赫柏林,3613.75,
法国总统夫人之选 法国优雅时尚腕表品牌：Michel Herbelin赫柏林-Antarès恒星系列 COF.17443/01WBL ,赫柏林,3781.25,
法国总统夫人之选 法国优雅时尚腕表品牌：Michel Herbelin赫柏林-Metropole大都会系列-拿破仑 16,赫柏林,7750,
法国总统夫人之选 法国优雅时尚腕表品牌：Michel Herbelin赫柏林-Classiques经典系列 16945/B01 女,赫柏林,3600,
法国总统夫人之选 法国优雅时尚腕表品牌：Michel Herbelin赫柏林-Ambassade法国大使系列 12250/B25,赫柏林,4712.5,
法国总统夫人之选 法国优雅时尚腕表品牌：Michel Herbelin赫柏林-Inspiartion灵感1947系列 1947/T11M,赫柏林,7768.75,
法国总统夫人之选 法国优雅时尚腕表品牌：Michel Herbelin赫柏林-Classiques经典系列 12443/P28GO ,赫柏林,1800,
法国总统夫人之选 法国优雅时尚腕表品牌：Michel Herbelin赫柏林   1947/P11MA 16873/BP59   情侣表,赫柏林,18406.25,
法国总统夫人之选 法国优雅时尚腕表品牌：Michel Herbelin赫柏林-Perles珍珠系列 17483/B08 女士,赫柏林,4500,
法国总统夫人之选 法国优雅腕表品牌：赫柏林Michel Herbelin 棕色情人结对表12443/P08GO、17478/P5,赫柏林,7137.5,
法国总统夫人之选 法国优雅腕表品牌：赫柏林Michel Herbelin-Antarès 恒星系列 COF.17447/08WLJ  女,赫柏林,5087.5,
法国总统夫人之选 法国优雅时尚腕表品牌：Michel Herbelin赫柏林-Antarès恒星系列 COF.17447/29BLT ,赫柏林,5457.5,
法国总统夫人之选 法国优雅时尚腕表品牌：Michel Herbelin赫柏林-Perles珍珠系列 17483/B59 女士,赫柏林,5500,
法国总统夫人之选 法国优雅时尚腕表品牌：Michel Herbelin赫柏林-Classiques经典系列 12248/08 男,赫柏林,3000,
法国总统夫人之选 法国优雅时尚腕表品牌：Michel Herbelin赫柏林-City都市系列 19515/N24 男士石,赫柏林,2600,
法国总统夫人之选 法国优雅时尚腕表品牌：Michel Herbelin赫柏林-City都市系列 1669/14B 男士自,赫柏林,4725,
法国总统夫人之选 法国优雅时尚腕表品牌：Michel Herbelin赫柏林-Epsilon灵动系列 19416/B01 男士,赫柏林,2306.25,
法国总统夫人之选 法国优雅时尚腕表品牌：Michel Herbelin赫柏林-Newport Connect纽波特科技系列 ,赫柏林,4725,
法国总统夫人之选 法国优雅时尚腕表品牌：Michel Herbelin赫柏林-Newport Connect纽波特科技系列 ,赫柏林,4725,
法国总统夫人之选 法国优雅腕表品牌：赫柏林Michel Herbelin- Grand Palais 巴黎大皇宫系列 17660/1,赫柏林,4800,
法国总统夫人之选 法国优雅腕表品牌：赫柏林Michel Herbelin-Newport 纽波特系列 1658/SQ12CW 女士,赫柏林,14625,
法国总统夫人之选 法国优雅时尚腕表品牌：Michel Herbelin赫柏林-Newport纽波特系列 18264/AP01BL ,赫柏林,4500,
法国总统夫人之选 法国优雅腕表品牌：赫柏林Michel Herbelin-Newport Connect纽波特科技系列 2017.G,赫柏林,6300,
法国总统夫人之选 法国优雅腕表品牌：赫柏林Michel Herbelin-Newport Connect纽波特科技系列 2017.L,赫柏林,6300,
精工SEIKO-Seiko 5系列 SRP605J2 自动机械男表,精工,1260,
精工SEIKO- Chronograph系列 SNDC31J1  男士石英表,精工,1473.75,
2017年新款！精工SEIKO-Presage 鸡尾酒系列 Espresso Martini SSA345J1 自动机械男表,精工,3087.5,
精工SEIKO-Seiko 5系列 SNKL47J1 机械男表,精工,1173.75,
2017新款！魏大勋同款！精工SEIKO- PROSPEX系列  SRPB99J1  机械男表,精工,2522.5,
精工SEIKO- ladies系列 SRKZ57J3 石英女表,精工,1543.75,
精工SEIKO- Chronograph系列  SNDC33J1 男士石英表,精工,1725,
精工SEIKO-Solar Chronograph系列 SSB095J1 石英男表,精工,1687.5,
精工SEIKO-Seiko 5系列 SRP601J1 自动机械男表,精工,1200,
精工SEIKO-Seiko 5系列 SYMH17J1  机械女表,精工,1450,
精工SEIKO-Seiko 5系列 SYMK19J1 自动机械女表,精工,1295,
2017年新款！精工SEIKO-Presage 鸡尾酒系列 Martini SSA341J1 自动机械男表,精工,3656.25,
2017年新款！精工SEIKO-Presage 鸡尾酒系列 Margarita SRPB44J1 自动机械男表,精工,2762.5,
精工SEIKO - Chronograph 计时码表系列 SSB089J1 石英男表,精工,1625,
精工SEIKO-Seiko 5系列 SNKE57J1 自动机械男表,精工,1110,
2017年新款！精工SEIKO-Presage 鸡尾酒系列 Manhattan SRPB46J1 自动机械男表,精工,3656.25,
2017年新款！精工SEIKO-Presage 鸡尾酒系列 Sidecar SSA346J1 自动机械男表,精工,3642.5,
精工SEIKO-Seiko 5系列 SNKE63J1 机械男表,精工,1110,
精工SEIKO- SEIKO 5系列 SNKP18K1 机械男表,精工,1387.5,
精工SEIKO-Lukia系列 SRP875J1 自动上链机械表,精工,2812.5,
2017年新款！精工SEIKO-Prospex系列 SRP777J1 200米防水 潜水机械男表  ,精工,3093.75,
精工SEIKO- Gents系列 SGEG97J2 石英男表,精工,1225,
精工SEIKO-Seiko 5系列 SNKN09J1 机械男表,精工,1202.5,
精工SEIKO-Presage 鸡尾酒系列 Skydiving SRPB43J1 自动机械男表,精工,2437.5,
精工SEIKO-Seiko 5系列 SNKN13J1 自动机械男表,精工,1202.5,
精工SEIKO-Seiko 5系列 SRP685J1 机械男表,精工,2062.5,
2017新款！致敬精工1965年首枚潜水表！精工SEIKO-Prospex系列 SPB051J1 机械男表,精工,7025,
精工SEIKO-领航5号系列 SNKM85J1 自动机械男表,精工,910,
下单送品牌好礼！精工SEIKO-Prospex系列 SNE435J1 太阳能男表 ,精工,2812.5,
精工SEIKO-Mens系列 SKP343J1 石英男表,精工,2250,
精工SEIKO-Prospex系列 SRPC25J1 机械男表,精工,2207.5,
精工SEIKO-Chronograph系列 SSB250J1 石英男表,精工,1593.75,
精工SEIKO-Prospex系列 SNKM87J1 自动机械男表,精工,1200,
精工SEIKO- prospex系列 SRP747J1 自动机械男表,精工,1748.75,
精工SEIKO-Kinetic系列 SKA685J1 人动电能石英男表,精工,1787.5,
精工SEIKO-Seiko 5系列 SRPC61J1 机械男表,精工,2043.75,
精工SEIKO-Seiko 5系列 SNKL45J1 机械男表,精工,1110,
2017新品！精工SEIKO- SEIKO 5系列 SRPB61J1 机械男表,精工,2356.25,
2017新款！精工SEIKO- PROSPEX系列  SSC617J1 太阳能 石英男表,精工,2681.25,
精工SEIKO-Seiko5 Sports系列 SRP739J1 自动机械男表,精工,1875,
2017新款！精工SEIKO-Chronograph系列 SSB201J1 石英男表,精工,1875,
精工SEIKO - PROSPEX系列 SSC407J1 计时多功能 太阳能男表,精工,2150,
精工SEIKO-Prospex系列 SSC663J1 石英男表,精工,3168.75,
2017新款！精工SEIKO-Prospex系列 SSC609J1 太阳能表,精工,4125,
精工SEIKO-石英系列 SUR237J1 石英女表,精工,1500,
精工SEIKO- Lukia系列 SRW785P1 石英女表,精工,1500,
2017年新款！精工SEIKO- SEIKO 5系列 SRPB31J1 机械男表,精工,2150,
2017新款！精工SEIKO-Kinetic系列 SKA689J1 石英男表,精工,1706.25,
瑞士进口 迪沃斯（DAVOSA）-Amaranto Quartz 阿玛兰托系列 16248015 石英男表,迪沃斯,1225,
【预计12月底到货】绿蛟龙！瑞士迪沃斯(DAVOSA)-DivinG 潜水系列 Ternos特勒斯 HC/200-绿 16155570 ,迪沃斯,6912.5,
瑞士进口 迪沃斯(DAVOSA) -Gentleman绅士系列 Classic 经典之作 16145615 机械男表,迪沃斯,6120,
瑞士进口 迪沃斯(DAVOSA) -Gentleman 绅士系列 Classic经典之作 16145632 机械男表(以实物为准）,迪沃斯,6120,
瑞士进口 迪沃斯(DAVOSA)-Pianos Quartz 钢琴家系列 16248626 石英男表 ,迪沃斯,1286.25,
瑞士进口 迪沃斯(DAVOSA) -Diving 潜水系列 Ternos特勒斯 HC/200-蓝 16155540 机械男表,迪沃斯,7312.5,
瑞士进口 迪沃斯(DAVOSA) -Gentleman 绅士系列 Classic经典之作 魅蓝绅士 16145611 机械男表,迪沃斯,6885,
瑞士进口 迪沃斯（DAVOSA）-Amaranto Quartz 阿玛兰托系列 16756122 石英女表,迪沃斯,2125,
瑞士进口 迪沃斯（DAVOSA）-Amaranto Quartz 阿玛兰托系列 16248026 石英男表,迪沃斯,2125,
瑞士进口 迪沃斯（DAVOSA）-Classic Quartz 经典系列 16246615 男士商务、石英表,迪沃斯,1975,
瑞士进口 迪沃斯（DAVOSA）- Classic Quartz 经典系列 16755655 石英女表（已绝版）,迪沃斯,2212.5,
瑞士进口 迪沃斯（DAVOSA）-Classic Quartz 经典系列 16346355 石英男表,迪沃斯,2537.5,
瑞士进口 迪沃斯DAVOSA-Diving 潜水系列 Argonautic Lumis 阿尔戈水手 16150960 机械男表,迪沃斯,8000,
瑞士进口 迪沃（DAVOSA）-Diving潜水系列 阿戈尔水手 BG 16152240 自动机械男表 ,迪沃斯,7625,
瑞士进口 迪沃斯（DAVOSA）-Classic Quartz 经典系列 16246715 石英男表,迪沃斯,1408.75,
瑞士进口 迪沃斯(DAVOSA) -Gentleman 绅士系列 Classic 经典之作 16145612 机械男表,迪沃斯,6120,
瑞士进口 迪沃斯(DAVOSA)-Pianos Quartz 钢琴家系列 16756626 石英女表,迪沃斯,1286.25,
瑞士进口 迪沃斯（DAVOSA）-Amaranto Quartz 阿玛兰托系列 16248022 石英男表,迪沃斯,2125,
【职场精英推荐】瑞士进口 迪沃斯DAVOSA-Gentleman 绅士系列 Classic 经典之作 16145651 机械男表,迪沃斯,6120,
瑞士进口 迪沃斯（DAVOSA）-Innovation 杰作系列 16156155 机械男表,迪沃斯,8250,
瑞士进口 迪沃斯（DAVOSA）-Diving潜水系列 Apnea Diver无氧潜水员 16156855 机械男表（赠送表带）,迪沃斯,9437.5,
瑞士进口 迪沃斯(DAVOSA)-Pianos Quartz 钢琴家系列 16248626、16756626 石英情侣表,迪沃斯,4425,
瑞士进口 迪沃斯（DAVOSA）-Classic Quartz 经典系列 16856915 石英女表（已绝版）,迪沃斯,2900,
瑞士进口 迪沃斯(DAVOSA)-Pianos Quartz 钢琴家系列 16248515 石英男表 ,迪沃斯,1712.5,
瑞士进口 迪沃斯（DAVOSA）-Classic Quartz 经典系列 16755615 女士石英表（已绝版）,迪沃斯,2212.5,
瑞士进口 迪沃斯（DAVOSA）-Classic Quartz 经典系列 16346715 男士石英表,迪沃斯,3187.5,
瑞士进口 迪沃斯（DAVOSA）-Classic Quartz 经典系列 16346315 男士石英表,迪沃斯,2537.5,
瑞士进口 迪沃斯(DAVOSA)- Gentleman 绅士系列 Flatline智雅 16248315 石英男表,迪沃斯,2712.5,
瑞士进口 迪沃斯(DAVOSA)-Pianos Quartz 钢琴家系列 16756515 石英女表,迪沃斯,1937.5,
瑞士进口 迪沃斯（DAVOSA）-Amaranto Quartz 阿玛兰托系列 16756126 石英女表,迪沃斯,2125,
瑞士进口 迪沃斯(DAVOSA)- Pianos Quartz 钢琴家系列 16756526 石英女表,迪沃斯,1937.5,
瑞士进口 迪沃斯（DAVOSA）-Diving潜水系列 Ternos Professional TT 特勒斯 16155940 机械男表,迪沃斯,7625,
瑞士进口 迪沃斯(DAVOSA)-Gentleman 绅士系列 Flatline智雅 16248355 石英男表,迪沃斯,2350,
瑞士进口 迪沃斯(DAVOSA) -Gentleman 绅士系列 Classic 经典之作 16145650 机械男表,迪沃斯,6581.25,
瑞士进口 迪沃斯（DAVOSA）-Classic Quartz 经典系列 16856955 石英女表（已绝版）,迪沃斯,2900,
瑞士进口 迪沃斯(DAVOSA)-Parangon Quartz 剑心系列 16756315 石英女表,迪沃斯,2400,
瑞士进口 迪沃斯DAVOSA-Diva 女主角系列 Classic 经典之作 16618916 机械女表,迪沃斯,6525,
瑞士进口 迪沃斯（DAVOSA）- Gentleman 绅士系列 Flatline智雅 16248365 石英男表,迪沃斯,1875,
瑞士进口 迪沃斯(DAVOSA)-Gentleman 绅士系列 Vireo商务精英 16348115 石英男表,迪沃斯,2143.75,
瑞士进口 迪沃斯(DAVOSA)-Pianos Quartz 钢琴家系列 16248635 石英男表  ,迪沃斯,1286.25,
瑞士进口 迪沃斯(DAVOSA)-Gentleman绅士系列 Vireo商务精英 16249355 石英男表,迪沃斯,3187.5,
" 瑞士进口 迪沃斯(DAVOSA)-Classic Quartz 经典石英系列 二次芯 双时区16249754 石英男表",迪沃斯,2925,
瑞士进口 迪沃斯(DAVOSA)-Gentleman 绅士系列 Vireo商务精英 16348155 石英男表,迪沃斯,3650,
瑞士进口 迪沃斯（DAVOSA）-Amaranto Quartz 阿玛兰托系列 16756215 石英女表,迪沃斯,2312.5,
瑞士进口 迪沃斯(DAVOSA)-Pianos Quartz 钢琴家系列 16248515、16756515 情侣石英表 ,迪沃斯,3650,
瑞士进口 迪沃斯(DAVOSA)-Grande Diva 演奏家系列 16550060 镂空机械表(男、女皆宜）,迪沃斯,5568.75,
瑞士进口 迪沃斯(DAVOSA)-Gentleman 绅士系列 Vireo商务精英 16249215 双时区 石英男表,迪沃斯,2400,
瑞士进口 迪沃斯（DAVOSA）-Amaranto Quartz 阿玛兰托系列 16756115 石英女表,迪沃斯,2125,
宝玑Breguet-Classique系列 5177BA/12/9V6 自动机械男表,宝玑,196460,
宝玑Breguet-Tradition系列 7057BB/11/9W6 机械男表,宝玑,240350,
宝玑Breguet-CLASSIQUE 系列 5930BA/12/986 自动机械男表,宝玑,145090,
宝玑Breguet-经典系列 8068ba/52/964.dd00 自动机械女表,宝玑,173580,
宝玑Breguet-TYPE XX系列 3810ST/92/9ZU 自动机械男表,宝玑,102410,
宝玑Breguet-MARINE系列 5817BA/12/9V8 自动机械男表 ,宝玑,184910,
宝玑Breguet-Classique系列 5920BA/15/984 自动机械男表,宝玑,139810,
宝玑Breguet-Classique系列  5177BB/12/9V6  男士自动机械表,宝玑,205480,
宝玑Breguet-CLASSIQUE系列 5140BA/29/9W6 自动机械男表,宝玑,162580,
宝玑Breguet-Classique系列 8067BA/52/964 18K 自动女士黄金腕表,宝玑,134420,
宝玑Breguet-CLASSIQUE GRANDES系列 5177BR/12/9V6  自动机械男表,宝玑,201300,
宝玑Breguet-CLASSIQUE系列 5947BA/12/9V6 机械男表,宝玑,483230,
宝玑Breguet-TYPE XX系列 3800ST/92/9W6 自动机械男表,宝玑,81950,
宝玑Breguet-Classique古典系列 7147BR/12/9WU自动机械男表,宝玑,182490,
宝玑Breguet-Classique古典系列 5157BA/11/9V6 自动机械男表,宝玑,153670,
宝玑Breguet-CLASSIQUE系列 8068BB/52/964 DD00 自动机械女表,宝玑,183370,
宝玑Breguet-MARINE系列 5837BR/92/5ZU 机械男表,宝玑,1354870,
宝玑Breguet-REINE DE NAPLES 系列 8967ST/58/986 自动机械女表,宝玑,131120,
宝玑Breguet-CLASSIQUE经典系列 5177BB/29/9v6 男士自动机械表,宝玑,205480,
宝玑Breguet-Classique古典系列 5140BB/29/9W6 自动机械男表,宝玑,172370,
宝玑Breguet-CLASSIQUE系列 5140BB/12/9W6 自动机械男表,宝玑,172370,
宝玑Breguet-CLASSIQUE系列 5967BA/11/9W6 手动机械男表,宝玑,153010,
宝玑Breguet-CLASSIQUE系列 5930BB/12/986 男士自动机械表,宝玑,154000,
宝玑Breguet-Classique系列 5907BA/12/984 手动机械男表,宝玑,110770,
宝玑（Breguet）-那不勒斯皇后系列 8928BR/51/844 DD0D 自动机械女表 ,宝玑,304480,
宝玑-Classique 经典系列 -5177BR/29/9V6 男士自动机械表,宝玑,201300,
宝玑Breguet-CLASSIQUE系列 5207BB/12/9V6 自动机械男表,宝玑,203610,
宝玑Breguet-CLASSIQUE 系列 5187BR/15/986 自动机械男表,宝玑,172370,
宝玑Breguet-MARINE系列 5817ST/92/5V8 自动机械男表,宝玑,133980,
宝玑Breguet-TYPE XX 系列 3800ST/92/SW9 自动机械男表,宝玑,94380,
宝玑TYPEXX系列3810ST/92/SZ9男士机械机芯表,宝玑,115720,
宝玑Breguet-Marine系列 5817BR/Z2/5V8 自动机械男表,宝玑,190300,
宝玑Breguet-CLASSIQUE系列 5207BA/12/9V6 自动机械男表,宝玑,194700,
宝玑Breguet-CLASSIQUE系列 8067BB/52/964 女士自动机械表,宝玑,144210,
宝玑Breguet-MARINE系列 5817ST/12/5V8 自动机械男表,宝玑,133980,
宝玑Breguet-CLASSIQUE系列 5920BR/15/984 自动机械男表,宝玑,144210,
宝玑Breguet-那不勒斯皇后系列 9807ST/5W/922 自动机械女表,宝玑,134420,
宝玑Breguet-Tourbillon with Case Cover系列 1801BR/12/2W6 机械男表,宝玑,1363560,
宝玑Breguet-REINE DE NAPLES系列 8978BB/58/974 D00D 机械女表,宝玑,1311200,
宝玑-经典复杂系列 3795PT/1E/9WU 手动机械男表 	,宝玑,2215950,
宝玑Breguet-TYPE XX系列 3820ST/H2/SW9 自动机械男表,宝玑,104170,
宝玑Breguet-TYPE XX系列 3820ST/H2/9W6 自动机械男表,宝玑,91740,
宝玑Breguet-传承系列 3660BB/12/984  自动机械男表,宝玑,205480,
宝玑Breguet-TRADITION系列 7047PT/11/9ZU 机械男表,宝玑,1648790,
宝玑Breguet-Type XX - XXI - XXII系列 4821ST/59/S76 D000  自动机械女表,宝玑,152240,
宝玑Breguet-Classique古典系列 5140BB/12/9v6 自动机械男表,宝玑,172370,
宝玑Breguet-Tourbillon with Case Cover系列 1801BB/12/2W6 机械男表,宝玑,1363560,
宝玑Breguet-CLASSIQUE系列 3130BA/11/986 机械男表,宝玑,393678.75,
宝珀Léman系列2360-4691A-55女士自动机械机芯表,宝珀,136325,
宝珀-villeret系列 6654-3642-55B 自动机械男表,宝珀,203462.5,
宝珀-VILLERET系列 6651-1127-55B 自动机械男表,宝珀,77387.5,
宝珀Blancpain-Villeret系列 6651-1127-MMB 男士自动机械表,宝珀,95325,
宝珀-五十噚系列 5000-0130-B52A 男士自动机械表,宝珀,100450,
宝珀-villeret系列 6654-1127-55B 自动机械男表,宝珀,118387.5,
宝珀villeret系列 6223-1127-55b男士自动机械机芯表,宝珀,66625,
宝珀Blancpain-Villeret系列 6263-1127-55B 男士自动机械表,宝珀,96350,
宝珀Blancpain-villeret系列 6223-3642-55B 男士自动机械表,宝珀,122487.5,
宝珀Blancpain-Villeret系列 6223-1987-55B 男士自动机械表,宝珀,188600,
宝珀Blancpain-Villeret系列 6653Q-3642-55B 男士自动机械表,宝珀,174762.5,
宝珀 超薄机芯系列 6651-1143-55B 自动机械腕表,宝珀,76875,
宝珀-五十噚系列 5015-1130-52B 机械男表,宝珀,116337.5,
宝珀Blancpain-Villeret系列 6654A-1127-55B 男士自动机械表,宝珀,116850,
宝珀Blancpain-Léman系列 2360-1191A-55 自动机械女表,宝珀,99425,
宝珀Blancpain-女装系列 6102C-1929-55A 女士自动机械表,宝珀,146575,
"宝珀Blancpain-女装系列 6102-4628A-MMB 女士自动机械表
",宝珀,125050,
宝珀villeret系列 6033-1542-55 男士自动机械表,宝珀,2285750,
宝珀Blancpain-女装系列 3253-6044A-52B 女士自动机械表,宝珀,228575,
宝珀Blancpain-Villeret系列 6651-3642-MMB 自动机械男表,宝珀,301862.5,
宝珀Blancpain-莱芒湖系列2360-3691A-55B 男士自动机械表,宝珀,163487.5,
宝珀Blancpain-Villeret系列 6665-3642-55B  男士自动机械表,宝珀,232162.5,
宝珀Blancpain-Villeret系列 6653-3642-55B 自动机械男表,宝珀,170662.5,
宝珀Blancpain-Villeret系列 6223-2987-55b 男士自动机械表,宝珀,179375,
宝珀Blancpain-女装系列 2360-2991A-55 女士自动机械表,宝珀,193725,
宝珀Blancpain-女装系列 2360-3691A-55 自动机械表,宝珀,150675,
宝珀Blancpain-Villeret系列 6630-3631-55B 男士自动机械表,宝珀,224475,
宝珀Blancpain-villeret经典系列 6652-1127-55B 自动机械男表,宝珀,85075,
宝珀Blancpain-villeret经典系列 6640-1127-MMB 自动机械男表,宝珀,209612.5,
宝珀Blancpain-女装系列 3650A-3754-58B 女士自动机械表,宝珀,256250,
宝珀Blancpain-莱芒湖系列 2360-3691-55B 男士机械表,宝珀,163487.5,
宝珀Blancpain-Villeret系列 00888-3631-55B 男士自动机械表,宝珀,515575,
宝珀Blancpain-Villeret系列 6654-3642-MMB 自动机械表,宝珀,349012.5,
宝珀Blancpain-女装系列 6104-1127-95A 女士自动机械表,宝珀,80462.5,
宝珀Blancpain-五十噚系列 5200-1110-B52A 男士自动机械表,宝珀,115312.5,
宝珀-VILLERET系列 6651-3642-55B  自动机械男表,宝珀,153750,
宝珀-VILLERET系列 6664-3642-55B 自动机械男表,宝珀,228575,
宝珀-Villeret 系列 6606-1127-55B 手动机械男表,宝珀,75850,
宝珀Blancpain-Villeret系列 6669-1127-55B 男士自动机械表,宝珀,91225,
宝珀Blancpain-Villeret系列 6223C-1529-55A 男士自动机械表,宝珀,134787.5,
宝珀-VILLERET系列 6606-3642-55B 男士腕表,宝珀,152212.5,
宝珀Blancpain-Villeret系列 6654-1529-55B 男士自动机械表,宝珀,199875,
宝珀Blancpain- 五十噚系列 5015-12B40-52A 自动机械男表,宝珀,122487.5,
宝珀Blancpain-Villeret系列 6651-2987-55B 男士自动机械表,宝珀,207562.5,
宝珀Blancpain-Villeret系列 6654-1127-MMB 自动机械表,宝珀,134787.5,
宝珀Blancpain-Villeret系列 6685-3642-55B 男士自动机械表,宝珀,256762.5,
宝珀Blancpain-女装系列 3663-2954-55B 女士自动机械表,宝珀,224475,
宝珀Blancpain-Villeret系列 6653Q-1127-55B 自动机械表,宝珀,100450,
古驰Gucci- YA133207 石英男表,古驰,8977.5,
古驰Gucci- G-Timeless系列 YA126451 石英女表,古驰,7225,
古驰（GUCCI） -Dive系列 YA136215 石英男表,古驰,11687.5,
古驰Gucci-男士系列 YA133206 ,古驰,11156.25,
古驰（GUCCI） -G-Timeless系列 YA126493 中性石英表,古驰,6800,
古驰Gucci-Horsebit系列  YA139509 石英女表,古驰,8075,
古驰Gucci-女士系列 YA139506,古驰,8075,
古驰Gucci-女式系列 YA125409 女士石英表,古驰,9350,
古驰Gucci- G-Timeless系列 YA126406 石英男士表,古驰,6321.25,
古驰Gucci- YA142401 男士石英表,古驰,7331.25,
古驰Gucci- YA141404 石英女表,古驰,8818.75,
古驰GUCCI- Bamboo  YA132404 石英女表 ,古驰,8712.5,
古驰Gucci-G-Timeless系列 YA126401 石英男表,古驰,5355,
古驰Gucci- YA133309 石英女表,古驰,9031.25,
古驰GUCCI- G-Timeless系列 YA1264032 石英女表,古驰,7650,
古驰（GUCCI） -G-Timeless系列 YA126402 石英男表,古驰,6321.25,
古驰GUCCI- G-Timeless系列  YA1264031 石英女表,古驰,7650,
古驰GUCCI- G-Timeless系列 YA126578 石英女表,古驰,7225,
古驰Gucci- YA125408 石英女表,古驰,8287.5,
古驰Gucci-G-Timeless系列 YA1264061 石英中性表,古驰,8393.75,
古驰Gucci-Horsebit系列  YA139503 石英女表,古驰,7225,
Gucci古驰-马蹄钉石英系列 YA125512 女士石英表,古驰,9031.25,
古驰GUCCI-Interlocking系列 YA133212 石英男表,古驰,11156.25,
古驰Gucci- G-Timeless系列 YA126450 石英男表,古驰,7110,
古驰Gucci-G-Timeless系列 YA126585 石英女表,古驰,9456.25,
Gucci古驰-马蹄钉石英系列 YA125502 女士石英表,古驰,7543.75,
古驰Gucci- Horsebit系列 YA140401 石英女表,古驰,6587.5,
古驰GUCCI- G-Timeless系列  YA1264034 石英中性表,古驰,8606.25,
古驰GUCCI- G-Timeless系列  YA1264021 石英男表,古驰,7862.5,
古驰Gucci-  YA139502 石英女表,古驰,7225,
古驰GUCCI- G-Timeless系列  YA126470 自动机械男表,古驰,14450,
古驰Gucci-G-Timeless系列 YA1264060 石英中性表,古驰,7225,
古驰Gucci- G-Timeless系列 YA126457 中性石英表,古驰,6321.25,
古驰Gucci-  YA140502 石英女表,古驰,6587.5,
古驰GUCCI-Interlocking系列 YA133326 石英女表,古驰,9881.25,
古驰GUCCI- G-Timeless系列  YA1264030  石英女表,古驰,7650,
古驰（GUCCI） -GG2570系列 YA142304 石英男表,古驰,7437.5,
古驰Gucci- YA133511 石英女表,古驰,8765,
古驰Gucci-  YA139504 石英女表,古驰,14662.5,
古驰Gucci-G-Timeless系列 YA1264022 石英女表,古驰,7862.5,
古驰GUCCI- G-Timeless系列  YA126495 石英男表,古驰,7437.5,
古驰Gucci-  YA139508 石英女表,古驰,8925,
古驰GUCCI- G-Timeless系列  YA1264035 石英中性表,古驰,8606.25,
古驰GUCCI-G-Gucci系列 YA125503  石英女表,古驰,7543.75,
古驰Gucci-  YA133515 石英女表,古驰,9881.25,
古驰Gucci- YA142504 石英女表,古驰,9456.25,
古驰Gucci-DIAMANTISSIMA系列  YA141402 石英女表,古驰,8287.5,
古驰Gucci- YA133504 石英女表,古驰,9031.25,
DW 丹尼尔惠灵顿（Daniel Wellington）— Dapper系列 DW00100132 石英男表,DW,931.25,
百达翡丽Patek Philippe-复杂功能计时系列 5146R-001 机械男表,百达翡丽,400000,
百达翡丽Patek Philippe-Calatrava系列 5296R-001  机械男表,百达翡丽,302500,
百达翡丽Patek Philippe-Calatrava系列 5297G 男机械表,百达翡丽,365000,
百达翡丽Patek Philippe-Twenty~4系列 4910/10A-012 女士石英表,百达翡丽,113500,
百达翡丽Patek Philippe-Calatrava系列 5196R 机械男表,百达翡丽,205875,
百达翡丽Patek Philippe-Calatrava系列 5296g-010 机械男表,百达翡丽,252500,
百达翡丽Patek Philippe-复杂功能计时系列 4936R-001 机械女表,百达翡丽,430750,
百达翡丽Patek Philippe-Nautilus系列 7010G-001 女士石英表,百达翡丽,296000,
百达翡丽PATEK PHILIPPE-复杂功能计时系列 5180/1G-010 机械男表,百达翡丽,913500,
百达翡丽Patek Philippe-Calatrava系列 5227R-001 机械男表,百达翡丽,324625,
百达翡丽Patek Philippe-Calatrava系列 5119R-001 机械男表,百达翡丽,201625,
百达翡丽Patek Philippe-Calatrava系列 5119G-001 机械男表,百达翡丽,201625,
百达翡丽Patek Philippe-复杂功能计时腕表系列 5205R-001 自动机械表,百达翡丽,448750,
百达翡丽Patek Philippe-Nautilus系列 7010R-001 女士石英表,百达翡丽,296000,
百达翡丽Patek Philippe-复杂功能计时系列 5396G-011 机械男表,百达翡丽,448750,
百达翡丽Patek Philippe-Calatrava系列 5119J-001 机械男表,百达翡丽,184625,
百达翡丽Patek Philippe-复杂功能计时系列 5146G-010 机械男表,百达翡丽,387250,
百达翡丽Patek Philippe-复杂功能计时腕表系列 5961R 自动机械男表,百达翡丽,1251875,
百达翡丽Patek Philippe Calatrava系列 5296G-001 机械男表,百达翡丽,252500,
百达翡丽Patek Philippe-Gondolo系列 5124G-001 机械男表,百达翡丽,237625,
百达翡丽Patek Philippe-Sky Moon Tourbillon Ref. 5002P 机械男表,百达翡丽,22000000,
百达翡丽Patek Philippe-超级复杂功能计时系列 5102PR 机械男表,百达翡丽,3380875,
百达翡丽-复杂功能计时系列 5146J-001 机械男表,百达翡丽,370250,
百达翡丽Patek Philippe-Nautilus系列 7010G-010 女士石英表,百达翡丽,296000,
百达翡丽Patek Philippe-系列 5146R 玫瑰金 男士自动机械表,百达翡丽,463875,
百达翡丽Patek Philippe-Aquanaut系列 5167R-001 机械男表,百达翡丽,420000,
百达翡丽Patek Philippe-超级复杂功能计时 6104G-001 机械男表,百达翡丽,4373500,
江诗丹顿-PATRIMONY传承系列 85180/000R-9232 机械男表,江诗丹顿,233200,
江诗丹顿-TRADITIONNELLE系列 82172/000R-9382 手动机械男表,江诗丹顿,177100,
江诗丹顿-历史名作系列 82035/000R-9359 机械男表,江诗丹顿,308000,
江诗丹顿-传承系列 81530/000G-9681 手动机械表,江诗丹顿,220000,
江诗丹顿Vacheron Constantin-传承系列 85515/CA1G-9841 男士自动机械表     ,江诗丹顿,500500,
江诗丹顿Vacheron Constantin-QUAI DE L'ILE系列 4500S/000A-B364 男士自动机械表,江诗丹顿,137500,
江诗丹顿Vacheron Constantin-historiques历史名作系列 3110V/000A-B426 男士手动机械表,江诗丹顿,169400,
江诗丹顿-传承系列 85180/000R-9248 机械男表,江诗丹顿,233200,
江诗丹顿-Patrimony传承系列 85180/000j-9231 机械男表,江诗丹顿,233200,
江诗丹顿Vacheron Constantin-QUAI DE LILE复杂系列 4500S/000A-B196 男士自动机械表     ,江诗丹顿,137500,
江诗丹顿-Patrimony传承系列 81180/000G-9117 机械男表,江诗丹顿,165000,
江诗丹顿-Patrimony传承系列 25155/000G-9584 女士石英表,江诗丹顿,114400,
江诗丹顿-PATRIMONY传承系列 87172/000G-9301 机械男表,江诗丹顿,225500,
江诗丹顿-TRADITIONNELLE系列 87172/000R-9302 机械男表,江诗丹顿,225500,
江诗丹顿-Patrimon传承系列 81180/000R-9159 机械男表,江诗丹顿,165000,
江诗丹顿-马耳他系列 83060/000G-9287 机械男表,江诗丹顿,290400,
江诗丹顿Vacheron Constantin-Patrimony传承系列 1110U/000P-B087 男士手动机械表,江诗丹顿,265100,
江诗丹顿-TRADITIONNELLE系列 82172/000G-9383 手动机械男表,江诗丹顿,177100,
江诗丹顿-TRADITIONNELLE系列 87172/000J-9512 机械男表,江诗丹顿,225500,
江诗丹顿Vacheron Constantin-马耳他系列 82230/000R-9963 男士手动机械表     ,江诗丹顿,224400,
江诗丹顿-Malte系列 25530/000R-9742 石英女表,江诗丹顿,203500,
江诗丹顿Vacheron Constantin-TRADITIONNELLE系列 87172/000R-B403 自动机械男表,江诗丹顿,225500,
江诗丹顿Vacheron Constantin-马耳他系列 82230/000G-9962   手动机械表,江诗丹顿,224400,
江诗丹顿Vacheron Constantin-纵横四海系列 4500V/110A-B126 男士自动机械表,江诗丹顿,171600,
江诗丹顿Vacheron Constantin-TRADITIONNELLE系列 43075/000R-9737 自动机械表,江诗丹顿,273900,
江诗丹顿Vacheron Constantin-马耳他系列 82230/000G-9185 手动机械表,江诗丹顿,224400,
江诗丹顿-传承系列 81180/000R-9162 机械男表,江诗丹顿,165000,
江诗丹顿Vacheron Constantin-TRADITIONNELLE系列 43075/000R-B404 手动机械男表,江诗丹顿,273900,
江诗丹顿Vacheron Constantin-纵横四海系列 4500V/110A-B128 男士自动机械表,江诗丹顿,171600,
江诗丹顿Vacheron Constantin-马耳他系列 82230/000R-9716 男士手动机械表     ,江诗丹顿,224400,
江诗丹顿Vacheron Constantin-TRADITIONNELLE系列 85520/000R-9850 男士自动机械表     ,江诗丹顿,324500,
江诗丹顿-传承系列 81180/000R-9283 机械男表,江诗丹顿,165000,
江诗丹顿Vacheron Constantin-Patrimony传承系列 1110U/000R-B085 男士手动机械表,江诗丹顿,184800,
江诗丹顿-纵横四海系列 2300V/100A-B170 男士机械表,江诗丹顿,161700,
江诗丹顿-1972系列 25530/000G-9741 石英女表,江诗丹顿,203500,
江诗丹顿-传承系列 43175/000R-9687 机械男表,江诗丹顿,693000,
江诗丹顿Vacheron Constantin-HARMONY和韵系列 7800S/000R-B140 自动机械表,江诗丹顿,288200,
江诗丹顿Vacheron Constantin-传承系列 83020/000R-9909 男士手动机械表     ,江诗丹顿,282700,
江诗丹顿-Patrimony系列 81180/000J-9118 机械男表,江诗丹顿,165000,
江诗丹顿Vacheron Constantin-Patrimony传承系列 82572/000G-9605 男士自动机械表,江诗丹顿,253000,
江诗丹顿Vacheron Constantin-TRADITIONNELLE系列 85290/000R-9969 男士自动机械表     ,江诗丹顿,389400,
江诗丹顿-历史名作系列 86122/000R-9362 机械男表,江诗丹顿,411400,
江诗丹顿-TRADITIONNELLE世界时间 86060/000R-9640 机械男表,江诗丹顿,411400,
江诗丹顿Vacheron Constantin-Patrimony传承系列 1110U/000G-B086 男士手动机械表,江诗丹顿,184800,
江诗丹顿Vacheron Constantin-TRADITIONNELLE系列 25558/000R-B156 石英女表,江诗丹顿,146300,
江诗丹顿-历史名作系列  86300/000R-9826 机械男表     ,江诗丹顿,313500,
江诗丹顿Vacheron Constantin-Metiers Dart艺术大师系列 1400U/000G-B215 男士手动机械表     ,江诗丹顿,487300,
江诗丹顿Vacheron Constantin-Metiers Dart艺术大师系列 33580/000G-B010 机械表,江诗丹顿,1123100,
卡地亚Cartier-蓝气球系列 W69010Z4（小号） 女士石英表,卡地亚,41087.5,
卡地亚cartier-RONDE SOLO DE CARTIER系列 W6701011 机械男表,卡地亚,32893.75,
卡地亚cartier-TANK SOLO系列 W5200014 女士石英表,卡地亚,24462.5,
卡地亚cartier-蓝气球系列 W6920046 机械中性表,卡地亚,53912.5,
卡地亚Cartier-蓝气球系列 W69012Z4（大号） 机械男表,卡地亚,58306.25,
卡地亚cartier-TANK SOLO系列 W5200013 女士石英表,卡地亚,23512.5,
卡地亚cartier-TANK坦克系列 W5330003 机械男表,卡地亚,59968.75,
卡地亚Cartier-RONDE SOLO DE CARTIER系列 WSRN0022 机械男表,卡地亚,30875,
卡地亚Cartier-CLÉ DE CARTIER系列 WSCL0017 自动机械女表,卡地亚,39187.5,
卡地亚cartier-CLÉ DE CARTIER 系列 WSCL0016 自动机械女表,卡地亚,38831.25,
卡地亚Cartier-蓝气球系列 WE902073 石英女表,卡地亚,54387.5,
卡地亚Cartier-BALLON BLEU DE蓝气球系列 W6920071 机械女表,卡地亚,51062.5,
卡地亚Cartier-蓝气球系列 W6920085 机械女表,卡地亚,46668.75,
卡地亚Cartier-TANK SOLO系列 WSTA0030 石英女表,卡地亚,21375,
卡地亚cartier-RONDE SOLO系列 W6701004 女士石英表,卡地亚,24225,
卡地亚cartier-TANK SOLO系列 WSTA0028 中性石英表,卡地亚,22443.75,
卡地亚Cartier-ROTONDE DE CARTIER系列 WSRN0019 石英女表,卡地亚,21968.75,
卡地亚Cartier-TANK系列 W5200028 机械男表,卡地亚,32418.75,
卡地亚cartier-TANK SOLO系列 W5200004 女士石英表,卡地亚,46431.25,
卡地亚Cartier-蓝气球系列 W69017Z4 机械中性表,卡地亚,49993.75,
卡地亚Cartier-TANK系列 W5200027 机械男表（新款型号：WSTA0029）,卡地亚,30281.25,
卡地亚cartier-CALIBRE DE CARTIER系列 W7100015 机械男表,卡地亚,69468.75,
卡地亚cartier-Ballon Bleu蓝气球系列 W6920100 女士机械表,卡地亚,53318.75,
卡地亚cartier-蓝气球系列 WE902074 女士机械表,卡地亚,65906.25,
卡地亚Cartier-蓝气球系列 W6900356 机械男表,卡地亚,122312.5,
卡地亚Cartier-PANTHÈRE DE CARTIER系列  WSPN0006 石英女表,卡地亚,35150,
卡地亚cartier-CLÉ DE CARTIER系列  WSCL0007 机械男表,卡地亚,46312.5,
卡地亚cartier-DRIVE DE CARTIER 系列 WSNM0004 机械男表,卡地亚,55575,
卡地亚Cartier-CLÉ DE CARTIER系列 WSCL0005 机械女表,卡地亚,39187.5,
卡地亚Cartier-PANTHÈRE DE CARTIER系列 WSPN0007 石英女表,卡地亚,41087.5,
卡地亚cartier-TANK系列 W5200024 石英女表,卡地亚,40493.75,
卡地亚cartier-TANK系列  WE110007 石英女表,卡地亚,47737.5,
卡地亚Cartier-蓝气球系列 WGBB0009 自动机械女表,卡地亚,122312.5,
卡地亚cartier-Ronde Louis Cartier系列 WR000251 女士石英表,卡地亚,147250,
卡地亚cartier-TANK系列  WT100025 机械女表,卡地亚,96781.25,
卡地亚Cartier-CLÉ DE CARTIER系列  WJCL0032 机械女表,卡地亚,125875,
卡地亚Cartier-蓝气球系列 WE902077 机械女表,卡地亚,161500,
卡地亚Cartier-CLÉ DE CARTIER系列  WGCL0010 机械女表,卡地亚,92031.25,
卡地亚Cartier-CLÉ DE CARTIER系列 WJCL0047 自动机械女表,卡地亚,184656.25,
卡地亚Cartier-蓝气球系列 WJBB0010 自动机械女表,卡地亚,137750,
卡地亚Cartier-TANK系列 WT100032 石英女表,卡地亚,87875,
卡地亚Cartier-TANK系列 WSTA0016 石英女表,卡地亚,35268.75,
卡地亚Cartier-CLÉ DE CARTIER系列 WSCL0006 自动机械女表,卡地亚,42750,
卡地亚cartier-CLÉ DE CARTIER系列  WJCL0031 机械女表,卡地亚,110437.5,
卡地亚Cartier-TANK系列 WSTA0018 自动机械男表,卡地亚,51062.5,
卡地亚Cartier-CLÉ DE CARTIER系列  WGCL0013 机械女表,卡地亚,105093.75,
卡地亚Cartier-Santos 100系列 W20126X8 女性机械表,卡地亚,56050,
卡地亚Cartier-TANK系列 W5310007 中性自动机械表,卡地亚,81343.75,
CK-女士Ladies系列 K2G23620 女士石英表,CK,2096.25,
CK-女士Ladies系列 K3G23626 石英女表,CK,2486.25,
CK-女士Ladies系列 K4323120 女士石英表,CK,3312.5,
CK(Calvin Klein) 男士Gents系列 K2G271C1 石英男表,CK,2388.75,
CK-男士Gents系列 K2G21107 男士石英表,CK,1511.25,
CK-女士Ladies系列 K3G23126 女士石英表,CK,1912.5,
新品！！CK(Calvin Klein) -正午系列 K8M211C6 石英男表,CK,1657.5,
CK-男士- K3M22126 男石英表,CK,1560,
CK-女士Ladies系列 K4323185 女士石英表,CK,2237.5,
CK-男士Gents系列 K2G211C6 男士石英表,CK,1512.5,
CK-女士Ladies系列 K3M23126 石英女表 【新批次到货，商品按新旧随机发货】,CK,1575,
CK-男士Gents系列 K3M21126 石英男表,CK,1560,
CK-男士Gents系列 K2G21629 男士石英表,CK,1998.75,
CK-男士Gents系列 K1S21120  男士石英表,CK,1675,
CK-女士Ladies系列 K2G23107 女士石英表,CK,1511.25,
CK-女士Ladies系列 K2Y236K6  女士石英表,CK,2875,
CK-男士Gents系列 K2Y211C3  男士石英表,CK,2193.75,
CK-女士Ladies系列  K4323130  女士石英表,CK,2242.5,
CK-男士Gents系列 K2G271C3 石英男表,CK,2388.75,
CK-IMPETUOUS系列 K4F2N616 时尚女表,CK,2387.5,
CK(Calvin Klein) -男士Gents系列 K3M2112Y 石英男表,CK,1560,
CK-CITY系列 K2G271C6 石英男表,CK,2387.5,
CK-男士Gents系列 K2G276G3 石英男表,CK,2778.75,
CK-女士Ladies系列 K3G23121 石英女表,CK,1900,
CK(Calvin Klein) 男士Gents系列 K4N21146 石英男表,CK,2145,
CK(Calvin Klein) -女士Ladies系列 K7W2M111 石英女表,CK,1900,
CK(Calvin Klein) -女士Ladies系列 K8G23626 石英女表,CK,2486.25,
CK(Calvin KleiK)-中性Midsize系列手表 K3M2212Z 中性手表,CK,1560,
CK-女士Ladies系列 K3N23121 石英女表,CK,1725,
CK-女士Ladies系列 K3N23126 石英女表,CK,1706.25,
CK(Calvin Klein) -男士Gents系列 K2G27146 石英男表,CK,2562.5,
CK-男士Gents系列  K3M21123  男士石英表,CK,1560,
CK(Calvin Klein) -REBEL系列 K8P231Q4 石英女表,CK,1511.25,
CK(Calvin Klein) -REBEL系列 K8P231C1 石英女表,CK,1511.25,
CK(Calvin Klein) 男士Gents系列 K4N21141 石英男表,CK,2162.5,
CK（Calvin Klein）-中性Midsize系列手表 K3M2112Z 石英中性手表,CK,1575,
CK(Calvin Klein) 男士Gents系列 K2G211GK 石英男表,CK,1511.25,
CK（Calvin Klein）-CITY都会系列手表 K2G2G4C1 石英男表,CK,1998.75,
CK(Calvin Klein) -女士Ladies系列 K8G23646 石英女表,CK,2486.25,
CK(Calvin Klein) -男士Gents系列 K2F21120 石英男表,CK,1437.5,
CK（Calvin Klein）-女士Ladies系列手表 K7Q21141 石英女表,CK,1811.25,
CK(Calvin Klein) -女士Ladies系列 K7B236G6 石英女表,CK,2096.25,
CK(Calvin Klein) -女士Ladies系列 K7A236LH 石英女表,CK,1852.5,
CK(Calvin Klein) 女士Ladies系列 K4U23126 石英女表,CK,1608.75,
CK-女士Ladies系列  K3M22123 女士石英表,CK,1560,
CK-女士ladies系列 K3M231Y3 女士石英表,CK,1560,
CK（Calvin Klein）-女士Ladies系列手表 K3M22421 石英女表,CK,2193.75,
CK(Calvin Klein) -女士Ladies系列 K6S2N111 石英女表,CK,1852.5,
万国IWC-柏涛菲诺系列 IW356501 机械男表,万国,36960,
万国IWC-飞行员系列 IW327002 男士自动机械表,万国,34980,
万国IWC-葡萄牙系列 IW371445 机械男表,万国,61930,
万国IWC-柏涛菲诺系列 IW356502 机械男表 ,万国,36960,
万国IWC - 经典飞行员系列  IW377709 男士自动机械表,万国,43120,
万国IWC-柏涛菲诺系列 IW391007 机械男表,万国,46750,
万国IWC-柏涛菲诺系列 IW356505 机械男表,万国,45210,
万国IWC-葡萄牙计时码表 IW371446 机械男表,万国,61930,
万国IWC-柏涛菲诺系列 IW356517 男士自动机械表,万国,36960,
万国IWC-柏涛菲诺系列 IW356504 机械男表,万国,91080,
万国IWC-飞行员系列马克十八飞行员腕表“小王子”特别版 IW327010 自动机械男表 （旧型号为,万国,34980,
万国IWC-飞行员系列 IW324008 机械男表,万国,35090,
万国IWC-海洋时计系列 IW379506 自动机械男表 “鲨鱼”特别版,万国,97460,
万国IWC-葡萄牙系列 IW500705 男士自动机械表(新葡7序列),万国,102960,
万国IWC-飞行员系列 IW377717 男士自动机械表,万国,51920,
万国IWC-葡萄牙系列 IW371491 自动机械男表,万国,61930,
万国IWC-达文西系列 IW459306 自动机械女表,万国,70070,
万国IWC-柏涛菲诺 IW458101 中性自动机械表,万国,42350,
万国IWC-海洋时计系列 IW329001 自动机械表,万国,44440,
万国IWC-海洋时计系列 IW329005 男士自动机械表,万国,45870,
万国IWC-葡萄牙计时码表 IW371447 机械男表,万国,61930,
万国IWC-大型飞行员系列 IW500910 男士自动机械表,万国,119900,
万国IWC-柏涛菲诺系列 IW356507 机械男表,万国,45210,
万国IWC-飞行员系列 IW377701 机械男表,万国,46420,
万国IWC-飞行员系列 IW324002 男士自动机械表,万国,42790,
“安东尼•圣艾修佰里”特别版！ 万国IWC-马克飞行员系列 IW327003 男士自动机械表,万国,34980,
万国IWC-葡萄牙系列 IW500113 机械男表,万国,185900,
万国IWC-飞行员系列 IW325501 机械男表,万国,35200,
万国IWC-飞行员系列 IW377710 男士自动机械表,万国,51920,
万国IWC-葡萄牙系列 IW371482 机械男表,万国,128700,
万国IWC-系列 IW500121 男士自动机械表,万国,203500,
万国IWC-葡萄牙系列 IW500114 机械男表,万国,106920,
万国IWC-工程师系列 IW376501 机械男表,万国,92812.5,
万国IWC-海洋时计系列 IW379503 自动机械表,万国,83710,
万国IWC-大型飞行员系列  IW502635  机械男表,万国,315062.5,
万国IWC-达文西系列 IW458312 自动机械女表,万国,45980,
万国IWC-葡萄牙系列 IW503502 男士自动机械表,万国,168300,
万国IWC-达文西系列 IW356601 男士自动机械表,万国,45980,
万国IWC-葡萄牙系列 IW503405 男士自动机械表 万年历腕表“150周年”特别版  限量发行 250 枚,万国,323400,
万国IWC-工程师系列 IW500501 机械男表,万国,86250,
2017年新款！万国-达文西系列 IW458307 机械表,万国,54450,
万国IWC-柏涛菲诺系列 IW516201男士手动机械表,万国,105050,
万国IWC-达文西系列 IW458308 自动机械女表,万国,90860,
万国IWC-葡萄牙系列 IW503302 男士自动机械表,万国,306900,
万国IWC-柏涛菲诺系列 IW356521 自动机械男表,万国,94710,
万国IWC-柏涛菲诺系列 IW458118 中性自动机械表,万国,107800,
2017年新款！万国-飞行员系列 IW501005 机械男表,万国,114400,
万国IWC-飞行员系列 IW377714 男士自动机械表（万国小王子特别版）,万国,43120,
劳力士ROLEX-蚝式恒动系列 116231-63201黑色纪念花纹10钻 机械男表,劳力士,113062.5,
劳力士ROLEX-日志型系列 116333-72213白色 机械男表,劳力士,100350,
劳力士ROLEX -切利尼系列 50525-CROCO切利尼银色放射饰纹 男士机械表,劳力士,180000,
劳力士ROLEX-日志型系列 116234-G-63600银石 机械男表,劳力士,86737.5,
劳力士-女装日志型系列 178273-63163香槟色花纹10钻 女士机械表,劳力士,100350,
劳力士-女装日志型系列 279173-63343银色10钻 女士机械表,劳力士,91687.5,
劳力士-女装日志型系列 279173-63343香槟色金色罗马数字 女士机械表,劳力士,76050,
劳力士-蚝式恒动系列 116234-G-63600 黑石 男士机械表,劳力士,86737.5,
劳力士ROLEX-日志型系列 126333-G-62613黄石 机械男表,劳力士,131687.5,
劳力士-蚝式恒动系列 115210-72190粉红色 机械男表,劳力士,57037.5,
劳力士-女装日志型系列 279171-63341茄紫色10钻 女士机械表,劳力士,94387.5,
劳力士ROLEX-日志型系列 116334-72210铑白色蓝色阿拉伯数字 机械男表,劳力士,79987.5,
劳力士ROLEX-日志型系列 126331-62611太阳灰 机械男表,劳力士,117600,
劳力士-日志型系列 116243-63603香槟色10钻 机械男表,劳力士,160312.5,
劳力士-游艇名仕型系列 116681-78211游艇名仕2白色 机械男表,劳力士,233662.5,
劳力士-女装日志型系列 279173-63343银色 女士机械表,劳力士,76050,
劳力士-女装日志型系列 178273-63163银色10钻 女士机械表,劳力士,100350,
劳力士-女装日志型系列 178273-63163银色花纹10钻 女士机械表,劳力士,100350,
劳力士-女装日志型系列 279173-63343香槟色 女士机械表,劳力士,76050,
劳力士-女装日志型系列 279173-63343白色珍珠母10钻 女士机械表,劳力士,111037.5,
劳力士-女装日志型系列 279171-63341太阳灰 女士机械表,劳力士,78750,
劳力士-女装日志型系列 179174-63130银色10钻 女士机械表,劳力士,80887.5,
劳力士-女装日志型系列 279171-63341白色珍珠母10钻 女士机械表,劳力士,113737.5,
劳力士ROLEX-潜航者系列 黑水鬼 116610LN（黑色）机械男表,劳力士,112500,
劳力士ROLEX-潜航者型系列 绿水鬼/绿鬼  116610-LV-97200绿 机械男表（稀缺款）,劳力士,137500,
劳力士ROLEX-日志型系列 126300-72610SLR9 自动机械男表,劳力士,67987.5,
劳力士ROLEX- 切利尼系列50505-CROCO切利尼黑色36912罗马数字 机械男表,劳力士,141412.5,
劳力士ROLEX-日志型系列 126300-72610BK 自动机械男表,劳力士,67987.5,
劳力士ROLEX-蚝式恒动系列 114300-70400BK 自动机械男表,劳力士,48712.5,
劳力士ROLEX-日志型系列 126233-72803CH 自动机械男表,劳力士,101062.5,
劳力士-SKY DWELLER系列 326938-72418男士机械表,劳力士,428175,
劳力士ROLEX-日志型系列 126334-G-62610BU 自动机械男表,劳力士,105105,
劳力士ROLEX-日志型系列 126334-72610BK 自动机械男表,劳力士,87097.5,
劳力士ROLEX-日志型系列 126331-G-62611SD 自动机械男表 太阳光泽表盘,劳力士,134627.5,
劳力士ROLEX-日志型系列 126233-G-72803CH 自动机械男表,劳力士,120050,
劳力士ROLEX-日志型系列 126331-72611SLR9 自动机械男表,劳力士,111842.5,
劳力士ROLEX-日志型系列 126331-72611SD 自动机械男表 太阳光泽表盘,劳力士,111842.5,
劳力士ROLEX-日志型系列 279175-G-83345WTNG 自动机械女表,劳力士,281750,
劳力士ROLEX-日志型系列 126331-62611朱古力色 机械男表,劳力士,134627.5,
劳力士ROLEX-日志型系列 126334-62610WT 自动机械男表,劳力士,88077.5,
劳力士ROLEX-日志型系列 126233-J-62803SV 自动机械男表,劳力士,125930,
劳力士ROLEX-日志型系列 126334-G-72610DR 自动机械男表 深铑白色表盘,劳力士,104125,
劳力士ROLEX-日志型系列 126300-72610DR 自动机械男表 深铑白色表盘,劳力士,67987.5,
劳力士ROLEX-日志型系列 126334-G-62610BK 自动机械男表,劳力士,105105,
劳力士ROLEX-日志型系列 126233-G-62803BK 自动机械男表,劳力士,125930,
劳力士ROLEX-日志型系列 126233-72803WTRM 自动机械男表,劳力士,101062.5,
劳力士ROLEX-日志型系列 126233-62803WTRM 自动机械男表,劳力士,106942.5,
劳力士ROLEX-日志型系列 126333-72613黑 自动机械男表,劳力士,108902.5,
天梭TISSOT-LADY HEART系列 T050.207.16.116.02 机械女表,天梭,4750,
天梭TISSOT-杜鲁尔系列 T099.407.36.038.00 机械男表,天梭,6125,
天梭TISSO-杜鲁尔系列 T099.207.16.118.00 自动机械女表,天梭,5325,
天梭tissot-Luxury系列 T086.408.11.031.00 机械男表,天梭,6935,
天梭TISSOT-杜鲁尔系列 T099.407.16.447.00 机械男表,天梭,5740,
全新升级！！！天梭TISSOT-力洛克系列 T006.407.22.033.00 机械男表,天梭,5517.5,
【天梭原装正品，全球联保两年】天梭TISSOT-力洛克系列T006.407.11.033.00 自动机械男表,天梭,4275,
【天梭原装正品，全球联保两年】 天梭TISSOT-力洛克系列 T006.407.11.053.00 机械男表,天梭,4275,
"[天梭原装正品，全球联保两年]
天梭TISSOT-俊雅系列 T063.610.11.037.00 石英男表",天梭,2425,
【天梭原装正品，全球联保两年】天梭TISSOT-力洛克系列 T006.407.16.053.00机械男表,天梭,3900,
【天梭原装正品，全球联保两年】天梭TISSOT-力洛克系列 T006.407.16.033.00 自动机械男表,天梭,3900,
[天梭原装正品，全球联保两年]天梭TISSOT-海星系列 T065.430.16.031.00 机械男表,天梭,3662.5,
【天梭原装正品，全球联保两年】天梭TISSOT-力洛克系列 T41.1.183.33 机械女表,天梭,4225,
[天梭原装正品，全球联保两年]天梭TISSOT- TRADITION系列 T063.617.36.037.00 石英男表,天梭,3375,
天梭tissot-库图系列 T035.210.16.011.00 石英女表,天梭,2187.5,
天梭TISSOT-海星系列 T065.430.11.051.00 机械男表,天梭,3987.5,
"[天梭原装正品，全球联保两年]
天梭TISSOT-力洛克系列T41.1.183.53 机械女表",天梭,4225,
" 天梭TISSOT-海星系列 T065.430.16.051.00 机械男表",天梭,3662.5,
天梭Tissot-库图系列 T035.210.16.371.00 石英女表,天梭,2187.5,
天梭TISSOT- 俊雅系列 T063.617.16.037.00 石英男表,天梭,3040,
天梭TISSOT-库图系列 T035.210.11.011.00 石英女表,天梭,2425,
天梭TISSOT-俊雅系列 T063.610.36.037.00 石英男表,天梭,2425,
" 天梭TISSOT-海星系列 T065.430.11.031.00 机械男表",天梭,3987.5,
天梭TISSOT-俊雅系列 T063.610.16.038.00 石英男表,天梭,2090,
天梭Tissot-时尚系列 T058.009.11.031.00 石英女表,天梭,2187.5,
天梭Tissot-卡森系列 T085.407.16.013.00 机械男表,天梭,3987.5,
天梭Tissot-库图系列 T035.210.16.011.01 石英女表,天梭,2187.5,
天梭TISSOT-力洛克系列 T41.1.183.34 机械女表,天梭,4225,
天梭TISSOT-库图系列 T035.627.16.031.00 机械男表,天梭,6225,
天梭TISSOT-T-Tempo天博系列 T060.407.11.051.00 机械男表,天梭,5087.5,
" 天梭TISSOT-海星系列 T065.430.22.031.00 机械男表",天梭,4700,
天梭TISSOT-弗拉明戈系列 T094.210.11.111.00 石英女表,天梭,2375,
天梭Tissot-卡森系列 T085.410.16.013.00 石英男表,天梭,1950,
天梭TISSOT-俊雅系列 T063.610.16.058.00 石英男表,天梭,2090,
天梭TISSOT- 杜鲁尔系列 T099.407.11.058.00 机械男表,天梭,6125,
天梭TISSOT-Luxury系列 T086.407.11.031.00 机械男表,天梭,5362.5,
天梭Tissot-卡森系列 T085.210.11.011.00 石英女表,天梭,2187.5,
天梭Tissot-PRC200系列 T055.417.11.047.00 石英男表,天梭,3662.5,
天梭TISSOT-LADY HEART系列 T050.207.16.116.00 机械女表,天梭,4752.5,
天梭TISSOT-库图系列 T035.617.11.031.00 石英男表,天梭,3850,
天梭TISSOT-俊雅系列 T063.637.36.037.00 石英男表,天梭,3375,
天梭Tissot-库图系列 T035.410.16.051.00 石英男表,天梭,2475,
天梭TISSOT-唯意系列 T038.430.22.037.00 机械男表,天梭,5037.5,
天梭TISSO-PR 100系列 T101.410.11.051.00 石英男表,天梭,2090,
女神刘亦菲代言同款：天梭TISSOT-杜鲁尔系列 T099.207.16.116.00  自动机械女表,天梭,6362.5,
天梭TISSOT-库图系列 T035.617.11.051.00 石英男表,天梭,3850,
天梭TISSOT-库图系列 T035.210.16.051.00 石英女表,天梭,2187.5,
天梭TISSOT-卡森系列 T085.407.11.011.00 机械男表,天梭,4375,
积家JAEGER-LECOULTRE-Master control系列 Q1368420 自动机械男表,积家,69187.5,
积家JAEGER-LECOULTRE-约会系列 Q3468421 自动机械女表,积家,93787.5,
积家 REVERSO系列 Q2788520 男士机械表,积家,64681.25,
积家JAEGER-LECOULTRE-Master Control系列 Q1548420 机械男表 ,积家,50225,
积家JAEGER-LECOULTRE-大师系列 Q1378420  自动机械男表,积家,68675,
积家JAEGER-LECOULTRE-空气钟系列 Q5111202 经典月相空气钟,积家,67650,
积家JAEGER-LECOULTRE-空气钟系列 Q5112202 月相空气钟,积家,67650,
积家Jaeger LeCoultre-翻转系列 Q2458420 手动机械男表,积家,68675,
Jaeger LeCoultre 积家 Master大师系列 Q1288420 机械男表,积家,59450,
积家-双翼系列 Q6012420  手动男士机械表,积家,411400,
积家-MasterControl系列 Q1372520  男士自动机械表,积家,141450,
积家Jaeger-LeCoultre-约会系列 Q3448420 自动机械女表,积家,101475,
积家JAEGER-LECOULTRE-约会系列 Q3448120 自动机械女表,积家,109675,
积家JAEGER-LECOULTRE-Master大师系列 Q1332511 自动机械男表 ,积家,110700,
积家JAEGER-LECOULTRE-MASTER大师系列 Q1558420 自动机械男表,积家,75337.5,
积家JAEGER-LECOULTRE-Master Geographic地理学家大师系列 Q1422421 机械男表,积家,183700,
积家Jaeger Lecoultre-翻转系列 Q2668430 手动机械女表,积家,65600,
积家JAEGER-LECOULTRE-Master Control系列 Q1538420 机械男表,积家,77000,
积家JAEGER-LECOULTRE-MASTER系列 Q1358420 机械男表,积家,57912.5,
积家Jaeger Lecoultre-约会系列 Q3448190 自动机械女表,积家,79950,
Jaeger LeCoultre 积家 Master大师系列Q1368470 超薄月相大师 机械男表 ,积家,69187.5,
Jaeger LeCoultre 积家 Master大师系列 Q1278420 机械男表,积家,56887.5,
积家JAEGER-LECOULTRE-约会系列 Q3442520 日夜显示、女士腕表,积家,178200,
积家Jaeger Master大师系列 Q1252520 超薄月相自动机械女表,积家,120950,
积家Jaeger LeCoultre-Reverso翻转系列 Q2662430 手动机械女表,积家,133250,
Jaeger LeCoultre 积家 Reverso翻转系列 Q2578120 自动机械男表,积家,88662.5,
积家JAEGER-LECOULTRE-约会系列 Q3448421 机械女表,积家,101475,
Jaeger LeCoultre 积家 Reverso翻转系列 Q2572420 自动机械男表,积家,169125,
积家Jaeger Lecoultre-约会系列 Q3548490 自动机械女表,积家,78925,
积家JAEGER-LECOULTRE-MASTER大师系列 Q1552520 自动机械男表,积家,168100,
积家-Jaeger LeCoultre 翻转系列 Q3358120 女士机械机芯表,积家,105600,
积家Jaeger Lecoultre- 约会系列 Q3512520 自动机械女表,积家,141450,
积家Jaeger Lecoultre-Master大师系列 Q1422521 自动机械男表,积家,168100,
积家-Jaeger LeCoultre 约会系列 Q3563430 机械女表,积家,78100,
积家Jaeger Master大师系列 Q1252501 自动机械女表,积家,162975,
积家-Master Ultra Thin Perpetual系列 Q1302520 自动机械男表,积家,239850,
积家Jaeger-LeCoultre-北宸系列 Q9008480 自动机械男表,积家,53300,
积家Jaeger Lecoultre-超薄大师系列 Q1352502 自动机械男表,积家,152725,
积家Jaeger Lecoultre-Master Geographic地理学家大师系列 Q8108120 机械男表,积家,123000,
积家-Master Ultra Thin Perpetual系列 Q130842J 机械男表,积家,160600,
积家Jaeger Lecoultre-翻转系列 Q3352420 女士手动机械表,积家,182450,
积家Jaeger Lecoultre- 约会系列 Q3468190 自动机械女表,积家,75850,
积家JAEGER-LECOULTRE-MASTER大师系列 Q1562521 机械男表,积家,632500,
积家Jaeger LeCoultre-双翼系列 Q6042422 手动机械男表,积家,330000,
积家Jaeger-LeCoultre-北宸系列 Q9028470 自动机械男表,积家,79437.5,
Jaeger LeCoultre 积家 Master大师系列 Q136255J 机械男表,积家,139700,
积家Jaeger Lecoultre-Master大师系列 Q1272501 自动机械男表,积家,148625,
积家JAEGER-LECOULTRE-Master Control系列 Q1352420 机械男表,积家,133100,
美度MIDO-贝伦赛丽系列 M8600.4.18.1 机械男表,美度,5850,
美度MIDO-贝伦赛丽系列 M7600.3.26.8 机械女表,美度,6045,
美度MIDO-指挥官 COMMANDER系列 M021.431.11.041.00 机械男表,美度,9350,
美度MIDO-贝伦赛丽系列 M8600.2.26.8 机械男表,美度,6045,
美度MIDO-贝伦赛丽 BARONCELLI系列 M8600.4.21.4 机械男表,美度,5460,
美度MIDO-贝伦赛丽系列 M8600.3.13.4 机械男表,美度,6045,
美度MIDO-贝伦赛丽系列 M7600.4.26.1 机械女表,美度,5850,
美度MIDO-贝伦赛丽系列 M027.407.16.010.00 机械男表,美度,7400,
美度MIDO-指挥官 COMMANDER系列 M021.431.11.031.00 机械男表,美度,9350,
美度MIDO-贝伦赛丽BARONCELLI系列 M8600.4.26.1 机械男表,美度,5850,
美度MIDO-贝伦赛丽系列 M8600.4.26.8 机械男表,美度,5460,
美度MIDO-贝伦赛丽系列 M8690.3.13.8 机械男表,美度,10037.5,
美度MIDO-舵手MULTIFORT系列 M005.430.36.051.80 机械男表（随表附送一条橙色表带）,美度,7800,
美度-贝伦赛丽系列 M007.207.36.036.00 机械女表,美度,7112.5,
美度MIDO-舵手MULTIFORT系列 M005.430.16.031.80 机械男表,美度,5750,
美度MIDO-指挥官系列 M021.431.11.051.00 机械男表（巴塞尔新款）,美度,9350,
美度MIDO-COMMANDER 指挥官系列 M021.431.22.031.00 机械男表,美度,10325,
美度MIDO-贝伦赛丽系列 M007.207.36.291.00 机械女表,美度,7112.5,
美度MIDO-贝伦赛丽 BARONCELLI系列 M8600.4.21.1 机械男表,美度,5850,
美度MIDO-指挥官 COMMANDER系列 M021.431.16.031.00 机械男表,美度,8862.5,
美度MIDO-贝伦赛丽系列 M8690.4.11.1 机械男表,美度,9750,
美度MIDO-舵手MULTIFORT系列 M005.430.36.031.80 机械男表,美度,6525,
美度MIDO-贝伦赛丽系列 M8600.4.76.1 机械男表,美度,5850,
美度MIDO-指挥官系列 M021.431.26.061.00 机械男表,美度,9550,
美度MIDO-贝伦赛丽系列 M8605.3.11.8 机械男表,美度,11300,
美度MIDO-指挥官 COMMANDER系列 指挥官 M021.431.11.061.00 机械男表（巴塞尔新款）,美度,9350,
美度MIDO-贝伦赛丽系列 M8600.2.21.8 机械男表,美度,6037.5,
美度MIDO-贝伦赛丽 BARONCELLI系列 M027.407.11.010.00 机械男表,美度,7887.5,
美度MIDO-贝伦赛丽 BARONCELLI系列 M7600.2.21.8 机械女表,美度,6045,
美度-贝伦赛丽系列 I M003.107.36.033.00 机械女表,美度,6922.5,
美度-舵手系列 M005.430.11.061.80 机械男表,美度,6237.5,
美度MIDO-贝伦赛丽系列 M022.207.22.116.10 机械女表（巴塞尔新款）,美度,8475,
美度MIDO-布鲁纳系列 M001.431.11.031.02 机械男表,美度,8675,
美度MIDO-贝伦赛丽 BARONCELLI系列 M027.207.36.260.00 机械女表,美度,8287.5,
美度MIDO-COMMANDER 指挥官系列 M021.431.16.051.00 机械男表（巴塞尔新款）,美度,8872.5,
美度MIDO-指挥官系列 M016.430.16.061.80 机械男表,美度,6425,
美度MIDO-都瑞系列 M1130.4.26.1 男士石英表,美度,2725,
美度MIDO-贝伦赛丽系列 M7600.4.69.1 机械女表,美度,6425,
美度MIDO-贝伦赛丽BARONCELLI系列 M8600.9.26.1 机械男表,美度,6825,
美度MIDO-贝伦赛丽系列 M7600.9.69.1 机械女表,美度,7400,
美度MIDO-都瑞系列 M2130.4.13.1 女士石英表,美度,2725,
美度-贝伦赛丽系列 M007.207.16.036.00 机械女表,美度,6337.5,
美度MIDO-贝伦赛丽系列 M7600.3.17.8 机械女表,美度,6037.5,
美度-贝伦赛丽系列 M007.207.16.106.00 机械女表,美度,6337.5,
美度MIDO-都瑞系列 M2130.9.26.1 女士石英表,美度,3212.5,
美度MIDO-贝伦赛丽 BARONCELLI系列 M7600.4.21.4 机械女表,美度,5460,
美度MIDO-贝伦赛丽I I系列 M8600.3.10.4 机械男表,美度,6045,
美度MIDO-贝伦赛丽系列 M007.207.11.038.00 机械女表,美度,6727.5,
DW 丹尼尔惠灵顿（Daniel Wellington）— Dapper系列 DW00100132 石英男表,DW,931.25,
浪琴Longines-瑰丽系列 L4.321.4.11.6 机械女表,浪琴,9327.5,
浪琴Longines-心月系列 L8.111.4.87.6 机械女表,浪琴,14962.5,
浪琴longines-瑰丽系列 L4.804.2.11.2 机械男表,浪琴,10045,
浪琴Longines-康卡斯系列 L3.741.4.56.6 机械男表,浪琴,10200,
浪琴longines-心月系列 L8.110.4.87.6 女士石英表,浪琴,10660,
浪琴longines-名匠系列 L2.755.4.78.6 机械男表,浪琴,17525,
浪琴longines-嘉岚系列 L4.209.4.87.6 女士石英表,浪琴,11787.5,
浪琴longines-康卡斯系列 L3.741.4.96.6 机械男表,浪琴,10200,
浪琴longines-军旗系列 L4.274.4.12.6 机械女表,浪琴,11172.5,
浪琴Longines-律雅系列 L4.360.4.12.6 机械女表,浪琴,10350,
浪琴Longines-嘉岚系列 L4.209.1.97.7 女士石英表,浪琴,13325,
浪琴longines-康卡斯系列 L3.742.4.56.6 机械男表,浪琴,10200,
浪琴Longines-瑰丽系列 L4.321.2.11.7 机械女表,浪琴,10250,
浪琴Longines-典藏系列 L2.142.4.73.4 机械女表,浪琴,15375,
浪琴Longines-名匠系列 L2.673.4.78.6 机械男表,浪琴,26035,
浪琴longines-律雅系列 L4.860.4.72.6 机械男表,浪琴,10352.5,
浪琴Longines-名匠系列 L2.257.4.78.6 机械女表,浪琴,15170,
浪琴Longines-名匠系列 L2.708.4.78.3 机械男表,浪琴,17937.5,
浪琴longines-典藏系列 L2.142.4.73.6  机械女表,浪琴,15887.5,
浪琴Longines-律雅系列 L4.759.4.72.6 男士石英表,浪琴,7275,
浪琴Longines-嘉岚系列 L4.209.4.11.2 女士石英表,浪琴,8097.5,
浪琴longines-律雅系列 L4.759.4.11.6 男士石英表,浪琴,7275,
浪琴longines-博雅系列 L4.810.4.11.2 自动机械男表,浪琴,13837.5,
浪琴Longines-名匠系列  L2.793.4.51.7  机械男表,浪琴,15990,
浪琴Longines-名匠系列 L2.628.4.57.6 机械男表,浪琴,18860,
浪琴longines-名匠系列 L2.673.4.51.6 机械男表,浪琴,26035,
浪琴Longines-索伊米亚系列 L2.753.5.52.7 机械男表,浪琴,28000,
浪琴longines-名匠系列 L2.908.4.78.6 自动机械男表 ,浪琴,19262.5,
浪琴longines-名匠系列 L2.755.5.77.7 机械男表,浪琴,27777.5,
浪琴Longines- 开创者系列 L2.821.4.72.6 机械男表,浪琴,16912.5,
浪琴longines-嘉岚系列 L4.908.4.11.2 自动机械中性表,浪琴,12402.5,
浪琴longines-康卡斯系列 L3.716.4.76.6 石英男表 ,浪琴,8097.5,
浪琴longines-康卡斯系列 L3.716.4.56.6 石英男表 ,浪琴,8097.5,
浪琴Longines-黛绰维纳系列 L5.155.5.71.7 女士石英表,浪琴,18712.5,
浪琴Longines-名匠系列 L2.257.5.89.7 玫瑰金、母贝钻石、女士机械手表,浪琴,22037.5,
浪琴longines-名匠系列 L2.628.4.97.6 机械男表 ,浪琴,18860,
浪琴longines-瑰丽系列 L4.220.2.11.7 女士石英表,浪琴,7277.5,
浪琴LONGINES-瑰丽系列 L4.720.2.32.7 男士石英表,浪琴,7072.5,
浪琴Longines-名匠系列 L2.629.4.78.6 机械男表,浪琴,21832.5,
浪琴Longines-索伊米亚系列 L2.752.4.73.6 自动机械男表,浪琴,25522.5,
浪琴longines-瑰丽系列 L4.805.2.11.7 机械男表 ,浪琴,12500,
浪琴longines-瑰丽系列 L4.805.1.11.7 机械男表,浪琴,12500,
浪琴Longines-索伊米亚系列 L2.784.4.52.3 自动机械表,浪琴,24497.5,
浪琴Longines-博雅系列 L4.810.5.77.7 机械男表,浪琴,24287.5,
浪琴Longines-嘉岚系列 L4.209.1.91.7 石英女表,浪琴,10045,
浪琴Longines-博雅系列 L4.309.4.87.6 机械女表,浪琴,15887.5,
浪琴longines-军旗系列 L2.320.4.11.6 自动机械女表 ,浪琴,15682.5,
浪琴Longines-律雅系列 L4.360.4.12.6 机械女表,浪琴,9090,
法国总统夫人之选 法国优雅时尚腕表品牌：Michel Herbelin赫柏林-City都市系列-蓝色星空 19515/1,赫柏林,2497.5,
法国总统夫人之选 法国优雅时尚腕表品牌：Michel Herbelin赫柏林-Perles珍珠系列-雅典娜女神 16,赫柏林,4165,
法国总统夫人之选 法国优雅时尚腕表品牌：Michel Herbelin赫柏林-Antarès恒星系列-总统夫人同,赫柏林,5100,
法国总统夫人之选 法国优雅时尚腕表品牌：Michel Herbelin赫柏林-Classiques经典系列-永恒绅士 1,赫柏林,2497.5,
法国总统夫人之选 法国优雅时尚腕表品牌：Michel Herbelin赫柏林-City都市系列 1669/04 男士自动,赫柏林,5437.5,
法国总统夫人之选 法国优雅时尚腕表品牌：Michel Herbelin赫柏林-Metropole大都会系列-诺曼底公,赫柏林,6937.5,
法国总统夫人之选 法国优雅时尚腕表品牌：Michel Herbelin赫柏林-City都市系列-法国绅士 1669/07,赫柏林,5437.5,
法国总统夫人之选 法国优雅时尚腕表品牌：Michel Herbelin赫柏林-Art Deco巴黎时尚系列-香榭丽,赫柏林,4100,
法国总统夫人之选 法国优雅时尚腕表品牌：Michel Herbelin赫柏林-Newport纽波特系列 12264/AP17 男,赫柏林,4300,
法国总统夫人之选 法国优雅时尚腕表品牌：Michel Herbelin赫柏林-Classiques经典系列 12443/P08GO ,赫柏林,2406.25,
法国总统夫人之选 法国优雅时尚腕表品牌：Michel Herbelin赫柏林-Metropole大都会系列-法国骑士,赫柏林,3600,
法国总统夫人之选 法国优雅腕表品牌：赫柏林Michel Herbelin-Perles 珍珠系列 -赫拉王后- 16873/44,赫柏林,4410,
法国总统夫人之选 法国优雅时尚腕表品牌：Michel Herbelin赫柏林-Metropole大都会系列-伯爵 1643/,赫柏林,6937.5,
法国总统夫人之选 法国优雅时尚腕表品牌：Michel Herbelin赫柏林-Salambo永恒系列-初恋少女 1741,赫柏林,3300,
法国总统夫人之选 法国优雅时尚腕表品牌：Michel Herbelin赫柏林-Inspiration灵感1947系列 1947/P11M,赫柏林,8023.75,
法国总统夫人之选 法国优雅时尚腕表品牌：Michel Herbelin赫柏林-Newport Connect纽波特科技系列 ,赫柏林,4725,
法国总统夫人之选 法国优雅时尚腕表品牌：Michel Herbelin赫柏林-Newport Connect纽波特科技系列 ,赫柏林,4725,
法国总统夫人之选 法国优雅时尚腕表品牌：Michel Herbelin赫柏林-City都市系列 19515/17MA 男士石,赫柏林,2062.5,
法国总统夫人之选 法国优雅时尚腕表品牌：Michel Herbelin赫柏林-Antarès恒星系列 COF.17048/89OB ,赫柏林,6660,
法国总统夫人之选 法国优雅腕表品牌：赫柏林Michel Herbelin Classiques经典系列 16945/B59  女士石,赫柏林,2388.75,
法国总统夫人之选 法国优雅时尚腕表品牌：Michel Herbelin赫柏林-City都市系列 17015/24 男士石,赫柏林,2200,
法国总统夫人之选 法国优雅腕表品牌：赫柏林Michel Herbelin-Salambo 永恒系列 -睡美人- 17471/B89 ,赫柏林,4712.5,
法国总统夫人之选 法国优雅腕表品牌：赫柏林Michel Herbelin-Perles 珍珠系列 -玫瑰人生- 16873/BP,赫柏林,6600,
法国总统夫人之选 法国优雅时尚腕表品牌：Michel Herbelin赫柏林-City都市系列 19515/01 男士石,赫柏林,2025,
法国总统夫人之选 法国优雅时尚腕表品牌：Michel Herbelin赫柏林-Antarès恒星系列 COF.17443/19WR ,赫柏林,3613.75,
法国总统夫人之选 法国优雅时尚腕表品牌：Michel Herbelin赫柏林-Antarès恒星系列 COF.17443/01WBL ,赫柏林,3781.25,
法国总统夫人之选 法国优雅时尚腕表品牌：Michel Herbelin赫柏林-Metropole大都会系列-拿破仑 16,赫柏林,7750,
法国总统夫人之选 法国优雅时尚腕表品牌：Michel Herbelin赫柏林-Classiques经典系列 16945/B01 女,赫柏林,3600,
法国总统夫人之选 法国优雅时尚腕表品牌：Michel Herbelin赫柏林-Ambassade法国大使系列 12250/B25,赫柏林,4712.5,
法国总统夫人之选 法国优雅时尚腕表品牌：Michel Herbelin赫柏林-Inspiartion灵感1947系列 1947/T11M,赫柏林,7768.75,
法国总统夫人之选 法国优雅时尚腕表品牌：Michel Herbelin赫柏林-Classiques经典系列 12443/P28GO ,赫柏林,1800,
法国总统夫人之选 法国优雅时尚腕表品牌：Michel Herbelin赫柏林   1947/P11MA 16873/BP59   情侣表,赫柏林,18406.25,
法国总统夫人之选 法国优雅时尚腕表品牌：Michel Herbelin赫柏林-Perles珍珠系列 17483/B08 女士,赫柏林,4500,
法国总统夫人之选 法国优雅腕表品牌：赫柏林Michel Herbelin 棕色情人结对表12443/P08GO、17478/P5,赫柏林,7137.5,
法国总统夫人之选 法国优雅腕表品牌：赫柏林Michel Herbelin-Antarès 恒星系列 COF.17447/08WLJ  女,赫柏林,5087.5,
法国总统夫人之选 法国优雅时尚腕表品牌：Michel Herbelin赫柏林-Antarès恒星系列 COF.17447/29BLT ,赫柏林,5457.5,
法国总统夫人之选 法国优雅时尚腕表品牌：Michel Herbelin赫柏林-Perles珍珠系列 17483/B59 女士,赫柏林,5500,
法国总统夫人之选 法国优雅时尚腕表品牌：Michel Herbelin赫柏林-Classiques经典系列 12248/08 男,赫柏林,3000,
法国总统夫人之选 法国优雅时尚腕表品牌：Michel Herbelin赫柏林-City都市系列 19515/N24 男士石,赫柏林,2600,
法国总统夫人之选 法国优雅时尚腕表品牌：Michel Herbelin赫柏林-City都市系列 1669/14B 男士自,赫柏林,4725,
法国总统夫人之选 法国优雅时尚腕表品牌：Michel Herbelin赫柏林-Epsilon灵动系列 19416/B01 男士,赫柏林,2306.25,
法国总统夫人之选 法国优雅时尚腕表品牌：Michel Herbelin赫柏林-Newport Connect纽波特科技系列 ,赫柏林,4725,
法国总统夫人之选 法国优雅时尚腕表品牌：Michel Herbelin赫柏林-Newport Connect纽波特科技系列 ,赫柏林,4725,
法国总统夫人之选 法国优雅腕表品牌：赫柏林Michel Herbelin- Grand Palais 巴黎大皇宫系列 17660/1,赫柏林,4800,
法国总统夫人之选 法国优雅腕表品牌：赫柏林Michel Herbelin-Newport 纽波特系列 1658/SQ12CW 女士,赫柏林,14625,
法国总统夫人之选 法国优雅时尚腕表品牌：Michel Herbelin赫柏林-Newport纽波特系列 18264/AP01BL ,赫柏林,4500,
法国总统夫人之选 法国优雅腕表品牌：赫柏林Michel Herbelin-Newport Connect纽波特科技系列 2017.G,赫柏林,6300,
法国总统夫人之选 法国优雅腕表品牌：赫柏林Michel Herbelin-Newport Connect纽波特科技系列 2017.L,赫柏林,6300,
古驰Gucci- YA133207 石英男表,古驰,8977.5,
古驰Gucci- G-Timeless系列 YA126451 石英女表,古驰,7225,
古驰（GUCCI） -Dive系列 YA136215 石英男表,古驰,11687.5,
古驰Gucci-男士系列 YA133206 ,古驰,11156.25,
古驰（GUCCI） -G-Timeless系列 YA126493 中性石英表,古驰,6800,
古驰Gucci-Horsebit系列  YA139509 石英女表,古驰,8075,
古驰Gucci-女士系列 YA139506,古驰,8075,
古驰Gucci-女式系列 YA125409 女士石英表,古驰,9350,
古驰Gucci- G-Timeless系列 YA126406 石英男士表,古驰,6321.25,
古驰Gucci- YA142401 男士石英表,古驰,7331.25,
古驰Gucci- YA141404 石英女表,古驰,8818.75,
古驰GUCCI- Bamboo  YA132404 石英女表 ,古驰,8712.5,
古驰Gucci-G-Timeless系列 YA126401 石英男表,古驰,5355,
古驰Gucci- YA133309 石英女表,古驰,9031.25,
古驰GUCCI- G-Timeless系列 YA1264032 石英女表,古驰,7650,
古驰（GUCCI） -G-Timeless系列 YA126402 石英男表,古驰,6321.25,
古驰GUCCI- G-Timeless系列  YA1264031 石英女表,古驰,7650,
古驰GUCCI- G-Timeless系列 YA126578 石英女表,古驰,7225,
古驰Gucci- YA125408 石英女表,古驰,8287.5,
古驰Gucci-G-Timeless系列 YA1264061 石英中性表,古驰,8393.75,
古驰Gucci-Horsebit系列  YA139503 石英女表,古驰,7225,
Gucci古驰-马蹄钉石英系列 YA125512 女士石英表,古驰,9031.25,
古驰GUCCI-Interlocking系列 YA133212 石英男表,古驰,11156.25,
古驰Gucci- G-Timeless系列 YA126450 石英男表,古驰,7110,
古驰Gucci-G-Timeless系列 YA126585 石英女表,古驰,9456.25,
Gucci古驰-马蹄钉石英系列 YA125502 女士石英表,古驰,7543.75,
古驰Gucci- Horsebit系列 YA140401 石英女表,古驰,6587.5,
古驰GUCCI- G-Timeless系列  YA1264034 石英中性表,古驰,8606.25,
古驰GUCCI- G-Timeless系列  YA1264021 石英男表,古驰,7862.5,
古驰Gucci-  YA139502 石英女表,古驰,7225,
古驰GUCCI- G-Timeless系列  YA126470 自动机械男表,古驰,14450,
古驰Gucci-G-Timeless系列 YA1264060 石英中性表,古驰,7225,
古驰Gucci- G-Timeless系列 YA126457 中性石英表,古驰,6321.25,
古驰Gucci-  YA140502 石英女表,古驰,6587.5,
古驰GUCCI-Interlocking系列 YA133326 石英女表,古驰,9881.25,
古驰GUCCI- G-Timeless系列  YA1264030  石英女表,古驰,7650,
古驰（GUCCI） -GG2570系列 YA142304 石英男表,古驰,7437.5,
古驰Gucci- YA133511 石英女表,古驰,8765,
古驰Gucci-  YA139504 石英女表,古驰,14662.5,
古驰Gucci-G-Timeless系列 YA1264022 石英女表,古驰,7862.5,
古驰GUCCI- G-Timeless系列  YA126495 石英男表,古驰,7437.5,
古驰Gucci-  YA139508 石英女表,古驰,8925,
古驰GUCCI- G-Timeless系列  YA1264035 石英中性表,古驰,8606.25,
古驰GUCCI-G-Gucci系列 YA125503  石英女表,古驰,7543.75,
古驰Gucci-  YA133515 石英女表,古驰,9881.25,
古驰Gucci- YA142504 石英女表,古驰,9456.25,
古驰Gucci-DIAMANTISSIMA系列  YA141402 石英女表,古驰,8287.5,
古驰Gucci- YA133504 石英女表,古驰,9031.25,
宝玑Breguet-Classique系列 5177BA/12/9V6 自动机械男表,宝玑,196460,
宝玑Breguet-Tradition系列 7057BB/11/9W6 机械男表,宝玑,240350,
宝玑Breguet-CLASSIQUE 系列 5930BA/12/986 自动机械男表,宝玑,145090,
宝玑Breguet-经典系列 8068ba/52/964.dd00 自动机械女表,宝玑,173580,
宝玑Breguet-TYPE XX系列 3810ST/92/9ZU 自动机械男表,宝玑,102410,
宝玑Breguet-MARINE系列 5817BA/12/9V8 自动机械男表 ,宝玑,184910,
宝玑Breguet-Classique系列 5920BA/15/984 自动机械男表,宝玑,139810,
宝玑Breguet-Classique系列  5177BB/12/9V6  男士自动机械表,宝玑,205480,
宝玑Breguet-CLASSIQUE系列 5140BA/29/9W6 自动机械男表,宝玑,162580,
宝玑Breguet-Classique系列 8067BA/52/964 18K 自动女士黄金腕表,宝玑,134420,
宝玑Breguet-CLASSIQUE GRANDES系列 5177BR/12/9V6  自动机械男表,宝玑,201300,
宝玑Breguet-CLASSIQUE系列 5947BA/12/9V6 机械男表,宝玑,483230,
宝玑Breguet-TYPE XX系列 3800ST/92/9W6 自动机械男表,宝玑,81950,
宝玑Breguet-Classique古典系列 7147BR/12/9WU自动机械男表,宝玑,182490,
宝玑Breguet-Classique古典系列 5157BA/11/9V6 自动机械男表,宝玑,153670,
宝玑Breguet-CLASSIQUE系列 8068BB/52/964 DD00 自动机械女表,宝玑,183370,
宝玑Breguet-MARINE系列 5837BR/92/5ZU 机械男表,宝玑,1354870,
宝玑Breguet-REINE DE NAPLES 系列 8967ST/58/986 自动机械女表,宝玑,131120,
宝玑Breguet-CLASSIQUE经典系列 5177BB/29/9v6 男士自动机械表,宝玑,205480,
宝玑Breguet-Classique古典系列 5140BB/29/9W6 自动机械男表,宝玑,172370,
宝玑Breguet-CLASSIQUE系列 5140BB/12/9W6 自动机械男表,宝玑,172370,
宝玑Breguet-CLASSIQUE系列 5967BA/11/9W6 手动机械男表,宝玑,153010,
宝玑Breguet-CLASSIQUE系列 5930BB/12/986 男士自动机械表,宝玑,154000,
宝玑Breguet-Classique系列 5907BA/12/984 手动机械男表,宝玑,110770,
宝玑（Breguet）-那不勒斯皇后系列 8928BR/51/844 DD0D 自动机械女表 ,宝玑,304480,
宝玑-Classique 经典系列 -5177BR/29/9V6 男士自动机械表,宝玑,201300,
宝玑Breguet-CLASSIQUE系列 5207BB/12/9V6 自动机械男表,宝玑,203610,
宝玑Breguet-CLASSIQUE 系列 5187BR/15/986 自动机械男表,宝玑,172370,
宝玑Breguet-MARINE系列 5817ST/92/5V8 自动机械男表,宝玑,133980,
宝玑Breguet-TYPE XX 系列 3800ST/92/SW9 自动机械男表,宝玑,94380,
宝玑TYPEXX系列3810ST/92/SZ9男士机械机芯表,宝玑,115720,
宝玑Breguet-Marine系列 5817BR/Z2/5V8 自动机械男表,宝玑,190300,
宝玑Breguet-CLASSIQUE系列 5207BA/12/9V6 自动机械男表,宝玑,194700,
宝玑Breguet-CLASSIQUE系列 8067BB/52/964 女士自动机械表,宝玑,144210,
宝玑Breguet-MARINE系列 5817ST/12/5V8 自动机械男表,宝玑,133980,
宝玑Breguet-CLASSIQUE系列 5920BR/15/984 自动机械男表,宝玑,144210,
宝玑Breguet-那不勒斯皇后系列 9807ST/5W/922 自动机械女表,宝玑,134420,
宝玑Breguet-Tourbillon with Case Cover系列 1801BR/12/2W6 机械男表,宝玑,1363560,
宝玑Breguet-REINE DE NAPLES系列 8978BB/58/974 D00D 机械女表,宝玑,1311200,
宝玑-经典复杂系列 3795PT/1E/9WU 手动机械男表 	,宝玑,2215950,
宝玑Breguet-TYPE XX系列 3820ST/H2/SW9 自动机械男表,宝玑,104170,
宝玑Breguet-TYPE XX系列 3820ST/H2/9W6 自动机械男表,宝玑,91740,
宝玑Breguet-传承系列 3660BB/12/984  自动机械男表,宝玑,205480,
宝玑Breguet-TRADITION系列 7047PT/11/9ZU 机械男表,宝玑,1648790,
宝玑Breguet-Type XX - XXI - XXII系列 4821ST/59/S76 D000  自动机械女表,宝玑,152240,
宝玑Breguet-Classique古典系列 5140BB/12/9v6 自动机械男表,宝玑,172370,
宝玑Breguet-Tourbillon with Case Cover系列 1801BB/12/2W6 机械男表,宝玑,1363560,
宝玑Breguet-CLASSIQUE系列 3130BA/11/986 机械男表,宝玑,393678.75,
精工SEIKO-Seiko 5系列 SRP605J2 自动机械男表,精工,1260,
精工SEIKO- Chronograph系列 SNDC31J1  男士石英表,精工,1473.75,
2017年新款！精工SEIKO-Presage 鸡尾酒系列 Espresso Martini SSA345J1 自动机械男表,精工,3087.5,
精工SEIKO-Seiko 5系列 SNKL47J1 机械男表,精工,1173.75,
2017新款！魏大勋同款！精工SEIKO- PROSPEX系列  SRPB99J1  机械男表,精工,2522.5,
精工SEIKO- ladies系列 SRKZ57J3 石英女表,精工,1543.75,
精工SEIKO- Chronograph系列  SNDC33J1 男士石英表,精工,1725,
精工SEIKO-Solar Chronograph系列 SSB095J1 石英男表,精工,1687.5,
精工SEIKO-Seiko 5系列 SRP601J1 自动机械男表,精工,1200,
精工SEIKO-Seiko 5系列 SYMH17J1  机械女表,精工,1450,
精工SEIKO-Seiko 5系列 SYMK19J1 自动机械女表,精工,1295,
2017年新款！精工SEIKO-Presage 鸡尾酒系列 Martini SSA341J1 自动机械男表,精工,3656.25,
2017年新款！精工SEIKO-Presage 鸡尾酒系列 Margarita SRPB44J1 自动机械男表,精工,2762.5,
精工SEIKO - Chronograph 计时码表系列 SSB089J1 石英男表,精工,1625,
精工SEIKO-Seiko 5系列 SNKE57J1 自动机械男表,精工,1110,
2017年新款！精工SEIKO-Presage 鸡尾酒系列 Manhattan SRPB46J1 自动机械男表,精工,3656.25,
2017年新款！精工SEIKO-Presage 鸡尾酒系列 Sidecar SSA346J1 自动机械男表,精工,3642.5,
精工SEIKO-Seiko 5系列 SNKE63J1 机械男表,精工,1110,
精工SEIKO- SEIKO 5系列 SNKP18K1 机械男表,精工,1387.5,
精工SEIKO-Lukia系列 SRP875J1 自动上链机械表,精工,2812.5,
2017年新款！精工SEIKO-Prospex系列 SRP777J1 200米防水 潜水机械男表  ,精工,3093.75,
精工SEIKO- Gents系列 SGEG97J2 石英男表,精工,1225,
精工SEIKO-Seiko 5系列 SNKN09J1 机械男表,精工,1202.5,
精工SEIKO-Presage 鸡尾酒系列 Skydiving SRPB43J1 自动机械男表,精工,2437.5,
精工SEIKO-Seiko 5系列 SNKN13J1 自动机械男表,精工,1202.5,
精工SEIKO-Seiko 5系列 SRP685J1 机械男表,精工,2062.5,
2017新款！致敬精工1965年首枚潜水表！精工SEIKO-Prospex系列 SPB051J1 机械男表,精工,7025,
精工SEIKO-领航5号系列 SNKM85J1 自动机械男表,精工,910,
下单送品牌好礼！精工SEIKO-Prospex系列 SNE435J1 太阳能男表 ,精工,2812.5,
精工SEIKO-Mens系列 SKP343J1 石英男表,精工,2250,
精工SEIKO-Prospex系列 SRPC25J1 机械男表,精工,2207.5,
精工SEIKO-Chronograph系列 SSB250J1 石英男表,精工,1593.75,
精工SEIKO-Prospex系列 SNKM87J1 自动机械男表,精工,1200,
精工SEIKO- prospex系列 SRP747J1 自动机械男表,精工,1748.75,
精工SEIKO-Kinetic系列 SKA685J1 人动电能石英男表,精工,1787.5,
精工SEIKO-Seiko 5系列 SRPC61J1 机械男表,精工,2043.75,
精工SEIKO-Seiko 5系列 SNKL45J1 机械男表,精工,1110,
2017新品！精工SEIKO- SEIKO 5系列 SRPB61J1 机械男表,精工,2356.25,
2017新款！精工SEIKO- PROSPEX系列  SSC617J1 太阳能 石英男表,精工,2681.25,
精工SEIKO-Seiko5 Sports系列 SRP739J1 自动机械男表,精工,1875,
2017新款！精工SEIKO-Chronograph系列 SSB201J1 石英男表,精工,1875,
精工SEIKO - PROSPEX系列 SSC407J1 计时多功能 太阳能男表,精工,2150,
精工SEIKO-Prospex系列 SSC663J1 石英男表,精工,3168.75,
2017新款！精工SEIKO-Prospex系列 SSC609J1 太阳能表,精工,4125,
精工SEIKO-石英系列 SUR237J1 石英女表,精工,1500,
精工SEIKO- Lukia系列 SRW785P1 石英女表,精工,1500,
2017年新款！精工SEIKO- SEIKO 5系列 SRPB31J1 机械男表,精工,2150,
2017新款！精工SEIKO-Kinetic系列 SKA689J1 石英男表,精工,1706.25,
百达翡丽Patek Philippe-复杂功能计时系列 5146R-001 机械男表,百达翡丽,400000,
百达翡丽Patek Philippe-Calatrava系列 5296R-001  机械男表,百达翡丽,302500,
百达翡丽Patek Philippe-Calatrava系列 5297G 男机械表,百达翡丽,365000,
百达翡丽Patek Philippe-Twenty~4系列 4910/10A-012 女士石英表,百达翡丽,113500,
百达翡丽Patek Philippe-Calatrava系列 5196R 机械男表,百达翡丽,205875,
百达翡丽Patek Philippe-Calatrava系列 5296g-010 机械男表,百达翡丽,252500,
百达翡丽Patek Philippe-复杂功能计时系列 4936R-001 机械女表,百达翡丽,430750,
百达翡丽Patek Philippe-Nautilus系列 7010G-001 女士石英表,百达翡丽,296000,
百达翡丽PATEK PHILIPPE-复杂功能计时系列 5180/1G-010 机械男表,百达翡丽,913500,
百达翡丽Patek Philippe-Calatrava系列 5227R-001 机械男表,百达翡丽,324625,
百达翡丽Patek Philippe-Calatrava系列 5119R-001 机械男表,百达翡丽,201625,
百达翡丽Patek Philippe-Calatrava系列 5119G-001 机械男表,百达翡丽,201625,
百达翡丽Patek Philippe-复杂功能计时腕表系列 5205R-001 自动机械表,百达翡丽,448750,
百达翡丽Patek Philippe-Nautilus系列 7010R-001 女士石英表,百达翡丽,296000,
百达翡丽Patek Philippe-复杂功能计时系列 5396G-011 机械男表,百达翡丽,448750,
百达翡丽Patek Philippe-Calatrava系列 5119J-001 机械男表,百达翡丽,184625,
百达翡丽Patek Philippe-复杂功能计时系列 5146G-010 机械男表,百达翡丽,387250,
百达翡丽Patek Philippe-复杂功能计时腕表系列 5961R 自动机械男表,百达翡丽,1251875,
百达翡丽Patek Philippe Calatrava系列 5296G-001 机械男表,百达翡丽,252500,
百达翡丽Patek Philippe-Gondolo系列 5124G-001 机械男表,百达翡丽,237625,
百达翡丽Patek Philippe-Sky Moon Tourbillon Ref. 5002P 机械男表,百达翡丽,22000000,
百达翡丽Patek Philippe-超级复杂功能计时系列 5102PR 机械男表,百达翡丽,3380875,
百达翡丽-复杂功能计时系列 5146J-001 机械男表,百达翡丽,370250,
百达翡丽Patek Philippe-Nautilus系列 7010G-010 女士石英表,百达翡丽,296000,
百达翡丽Patek Philippe-系列 5146R 玫瑰金 男士自动机械表,百达翡丽,463875,
百达翡丽Patek Philippe-Aquanaut系列 5167R-001 机械男表,百达翡丽,420000,
百达翡丽Patek Philippe-超级复杂功能计时 6104G-001 机械男表,百达翡丽,4373500,
江诗丹顿-PATRIMONY传承系列 85180/000R-9232 机械男表,江诗丹顿,233200,
江诗丹顿-TRADITIONNELLE系列 82172/000R-9382 手动机械男表,江诗丹顿,177100,
江诗丹顿-历史名作系列 82035/000R-9359 机械男表,江诗丹顿,308000,
江诗丹顿-传承系列 81530/000G-9681 手动机械表,江诗丹顿,220000,
江诗丹顿Vacheron Constantin-传承系列 85515/CA1G-9841 男士自动机械表     ,江诗丹顿,500500,
江诗丹顿Vacheron Constantin-QUAI DE L'ILE系列 4500S/000A-B364 男士自动机械表,江诗丹顿,137500,
江诗丹顿Vacheron Constantin-historiques历史名作系列 3110V/000A-B426 男士手动机械表,江诗丹顿,169400,
江诗丹顿-传承系列 85180/000R-9248 机械男表,江诗丹顿,233200,
江诗丹顿-Patrimony传承系列 85180/000j-9231 机械男表,江诗丹顿,233200,
江诗丹顿Vacheron Constantin-QUAI DE LILE复杂系列 4500S/000A-B196 男士自动机械表     ,江诗丹顿,137500,
江诗丹顿-Patrimony传承系列 81180/000G-9117 机械男表,江诗丹顿,165000,
江诗丹顿-Patrimony传承系列 25155/000G-9584 女士石英表,江诗丹顿,114400,
江诗丹顿-PATRIMONY传承系列 87172/000G-9301 机械男表,江诗丹顿,225500,
江诗丹顿-TRADITIONNELLE系列 87172/000R-9302 机械男表,江诗丹顿,225500,
江诗丹顿-Patrimon传承系列 81180/000R-9159 机械男表,江诗丹顿,165000,
江诗丹顿-马耳他系列 83060/000G-9287 机械男表,江诗丹顿,290400,
江诗丹顿Vacheron Constantin-Patrimony传承系列 1110U/000P-B087 男士手动机械表,江诗丹顿,265100,
江诗丹顿-TRADITIONNELLE系列 82172/000G-9383 手动机械男表,江诗丹顿,177100,
江诗丹顿-TRADITIONNELLE系列 87172/000J-9512 机械男表,江诗丹顿,225500,
江诗丹顿Vacheron Constantin-马耳他系列 82230/000R-9963 男士手动机械表     ,江诗丹顿,224400,
江诗丹顿-Malte系列 25530/000R-9742 石英女表,江诗丹顿,203500,
江诗丹顿Vacheron Constantin-TRADITIONNELLE系列 87172/000R-B403 自动机械男表,江诗丹顿,225500,
江诗丹顿Vacheron Constantin-马耳他系列 82230/000G-9962   手动机械表,江诗丹顿,224400,
江诗丹顿Vacheron Constantin-纵横四海系列 4500V/110A-B126 男士自动机械表,江诗丹顿,171600,
江诗丹顿Vacheron Constantin-TRADITIONNELLE系列 43075/000R-9737 自动机械表,江诗丹顿,273900,
江诗丹顿Vacheron Constantin-马耳他系列 82230/000G-9185 手动机械表,江诗丹顿,224400,
江诗丹顿-传承系列 81180/000R-9162 机械男表,江诗丹顿,165000,
江诗丹顿Vacheron Constantin-TRADITIONNELLE系列 43075/000R-B404 手动机械男表,江诗丹顿,273900,
江诗丹顿Vacheron Constantin-纵横四海系列 4500V/110A-B128 男士自动机械表,江诗丹顿,171600,
江诗丹顿Vacheron Constantin-马耳他系列 82230/000R-9716 男士手动机械表     ,江诗丹顿,224400,
江诗丹顿Vacheron Constantin-TRADITIONNELLE系列 85520/000R-9850 男士自动机械表     ,江诗丹顿,324500,
江诗丹顿-传承系列 81180/000R-9283 机械男表,江诗丹顿,165000,
江诗丹顿Vacheron Constantin-Patrimony传承系列 1110U/000R-B085 男士手动机械表,江诗丹顿,184800,
江诗丹顿-纵横四海系列 2300V/100A-B170 男士机械表,江诗丹顿,161700,
江诗丹顿-1972系列 25530/000G-9741 石英女表,江诗丹顿,203500,
江诗丹顿-传承系列 43175/000R-9687 机械男表,江诗丹顿,693000,
江诗丹顿Vacheron Constantin-HARMONY和韵系列 7800S/000R-B140 自动机械表,江诗丹顿,288200,
江诗丹顿Vacheron Constantin-传承系列 83020/000R-9909 男士手动机械表     ,江诗丹顿,282700,
江诗丹顿-Patrimony系列 81180/000J-9118 机械男表,江诗丹顿,165000,
江诗丹顿Vacheron Constantin-Patrimony传承系列 82572/000G-9605 男士自动机械表,江诗丹顿,253000,
江诗丹顿Vacheron Constantin-TRADITIONNELLE系列 85290/000R-9969 男士自动机械表     ,江诗丹顿,389400,
江诗丹顿-历史名作系列 86122/000R-9362 机械男表,江诗丹顿,411400,
江诗丹顿-TRADITIONNELLE世界时间 86060/000R-9640 机械男表,江诗丹顿,411400,
江诗丹顿Vacheron Constantin-Patrimony传承系列 1110U/000G-B086 男士手动机械表,江诗丹顿,184800,
江诗丹顿Vacheron Constantin-TRADITIONNELLE系列 25558/000R-B156 石英女表,江诗丹顿,146300,
江诗丹顿-历史名作系列  86300/000R-9826 机械男表     ,江诗丹顿,313500,
江诗丹顿Vacheron Constantin-Metiers Dart艺术大师系列 1400U/000G-B215 男士手动机械表     ,江诗丹顿,487300,
江诗丹顿Vacheron Constantin-Metiers Dart艺术大师系列 33580/000G-B010 机械表,江诗丹顿,1123100,
宝珀Léman系列2360-4691A-55女士自动机械机芯表,宝珀,136325,
宝珀-villeret系列 6654-3642-55B 自动机械男表,宝珀,203462.5,
宝珀-VILLERET系列 6651-1127-55B 自动机械男表,宝珀,77387.5,
宝珀Blancpain-Villeret系列 6651-1127-MMB 男士自动机械表,宝珀,95325,
宝珀-五十噚系列 5000-0130-B52A 男士自动机械表,宝珀,100450,
宝珀-villeret系列 6654-1127-55B 自动机械男表,宝珀,118387.5,
宝珀villeret系列 6223-1127-55b男士自动机械机芯表,宝珀,66625,
宝珀Blancpain-Villeret系列 6263-1127-55B 男士自动机械表,宝珀,96350,
宝珀Blancpain-villeret系列 6223-3642-55B 男士自动机械表,宝珀,122487.5,
宝珀Blancpain-Villeret系列 6223-1987-55B 男士自动机械表,宝珀,188600,
宝珀Blancpain-Villeret系列 6653Q-3642-55B 男士自动机械表,宝珀,174762.5,
宝珀 超薄机芯系列 6651-1143-55B 自动机械腕表,宝珀,76875,
宝珀-五十噚系列 5015-1130-52B 机械男表,宝珀,116337.5,
宝珀Blancpain-Villeret系列 6654A-1127-55B 男士自动机械表,宝珀,116850,
宝珀Blancpain-Léman系列 2360-1191A-55 自动机械女表,宝珀,99425,
宝珀Blancpain-女装系列 6102C-1929-55A 女士自动机械表,宝珀,146575,
"宝珀Blancpain-女装系列 6102-4628A-MMB 女士自动机械表
",宝珀,125050,
宝珀villeret系列 6033-1542-55 男士自动机械表,宝珀,2285750,
宝珀Blancpain-女装系列 3253-6044A-52B 女士自动机械表,宝珀,228575,
宝珀Blancpain-Villeret系列 6651-3642-MMB 自动机械男表,宝珀,301862.5,
宝珀Blancpain-莱芒湖系列2360-3691A-55B 男士自动机械表,宝珀,163487.5,
宝珀Blancpain-Villeret系列 6665-3642-55B  男士自动机械表,宝珀,232162.5,
宝珀Blancpain-Villeret系列 6653-3642-55B 自动机械男表,宝珀,170662.5,
宝珀Blancpain-Villeret系列 6223-2987-55b 男士自动机械表,宝珀,179375,
宝珀Blancpain-女装系列 2360-2991A-55 女士自动机械表,宝珀,193725,
宝珀Blancpain-女装系列 2360-3691A-55 自动机械表,宝珀,150675,
宝珀Blancpain-Villeret系列 6630-3631-55B 男士自动机械表,宝珀,224475,
宝珀Blancpain-villeret经典系列 6652-1127-55B 自动机械男表,宝珀,85075,
宝珀Blancpain-villeret经典系列 6640-1127-MMB 自动机械男表,宝珀,209612.5,
宝珀Blancpain-女装系列 3650A-3754-58B 女士自动机械表,宝珀,256250,
宝珀Blancpain-莱芒湖系列 2360-3691-55B 男士机械表,宝珀,163487.5,
宝珀Blancpain-Villeret系列 00888-3631-55B 男士自动机械表,宝珀,515575,
宝珀Blancpain-Villeret系列 6654-3642-MMB 自动机械表,宝珀,349012.5,
宝珀Blancpain-女装系列 6104-1127-95A 女士自动机械表,宝珀,80462.5,
宝珀Blancpain-五十噚系列 5200-1110-B52A 男士自动机械表,宝珀,115312.5,
宝珀-VILLERET系列 6651-3642-55B  自动机械男表,宝珀,153750,
宝珀-VILLERET系列 6664-3642-55B 自动机械男表,宝珀,228575,
宝珀-Villeret 系列 6606-1127-55B 手动机械男表,宝珀,75850,
宝珀Blancpain-Villeret系列 6669-1127-55B 男士自动机械表,宝珀,91225,
宝珀Blancpain-Villeret系列 6223C-1529-55A 男士自动机械表,宝珀,134787.5,
宝珀-VILLERET系列 6606-3642-55B 男士腕表,宝珀,152212.5,
宝珀Blancpain-Villeret系列 6654-1529-55B 男士自动机械表,宝珀,199875,
宝珀Blancpain- 五十噚系列 5015-12B40-52A 自动机械男表,宝珀,122487.5,
宝珀Blancpain-Villeret系列 6651-2987-55B 男士自动机械表,宝珀,207562.5,
宝珀Blancpain-Villeret系列 6654-1127-MMB 自动机械表,宝珀,134787.5,
宝珀Blancpain-Villeret系列 6685-3642-55B 男士自动机械表,宝珀,256762.5,
宝珀Blancpain-女装系列 3663-2954-55B 女士自动机械表,宝珀,224475,
宝珀Blancpain-Villeret系列 6653Q-1127-55B 自动机械表,宝珀,100450,
美度MIDO-贝伦赛丽系列 M8600.4.18.1 机械男表,美度,5850,
美度MIDO-贝伦赛丽系列 M7600.3.26.8 机械女表,美度,6045,
美度MIDO-指挥官 COMMANDER系列 M021.431.11.041.00 机械男表,美度,9350,
美度MIDO-贝伦赛丽系列 M8600.2.26.8 机械男表,美度,6045,
美度MIDO-贝伦赛丽 BARONCELLI系列 M8600.4.21.4 机械男表,美度,5460,
美度MIDO-贝伦赛丽系列 M8600.3.13.4 机械男表,美度,6045,
美度MIDO-贝伦赛丽系列 M7600.4.26.1 机械女表,美度,5850,
美度MIDO-贝伦赛丽系列 M027.407.16.010.00 机械男表,美度,7400,
美度MIDO-指挥官 COMMANDER系列 M021.431.11.031.00 机械男表,美度,9350,
美度MIDO-贝伦赛丽BARONCELLI系列 M8600.4.26.1 机械男表,美度,5850,
美度MIDO-贝伦赛丽系列 M8600.4.26.8 机械男表,美度,5460,
美度MIDO-贝伦赛丽系列 M8690.3.13.8 机械男表,美度,10037.5,
美度MIDO-舵手MULTIFORT系列 M005.430.36.051.80 机械男表（随表附送一条橙色表带）,美度,7800,
美度-贝伦赛丽系列 M007.207.36.036.00 机械女表,美度,7112.5,
美度MIDO-舵手MULTIFORT系列 M005.430.16.031.80 机械男表,美度,5750,
美度MIDO-指挥官系列 M021.431.11.051.00 机械男表（巴塞尔新款）,美度,9350,
美度MIDO-COMMANDER 指挥官系列 M021.431.22.031.00 机械男表,美度,10325,
美度MIDO-贝伦赛丽系列 M007.207.36.291.00 机械女表,美度,7112.5,
美度MIDO-贝伦赛丽 BARONCELLI系列 M8600.4.21.1 机械男表,美度,5850,
美度MIDO-指挥官 COMMANDER系列 M021.431.16.031.00 机械男表,美度,8862.5,
美度MIDO-贝伦赛丽系列 M8690.4.11.1 机械男表,美度,9750,
美度MIDO-舵手MULTIFORT系列 M005.430.36.031.80 机械男表,美度,6525,
美度MIDO-贝伦赛丽系列 M8600.4.76.1 机械男表,美度,5850,
美度MIDO-指挥官系列 M021.431.26.061.00 机械男表,美度,9550,
美度MIDO-贝伦赛丽系列 M8605.3.11.8 机械男表,美度,11300,
美度MIDO-指挥官 COMMANDER系列 指挥官 M021.431.11.061.00 机械男表（巴塞尔新款）,美度,9350,
美度MIDO-贝伦赛丽系列 M8600.2.21.8 机械男表,美度,6037.5,
美度MIDO-贝伦赛丽 BARONCELLI系列 M027.407.11.010.00 机械男表,美度,7887.5,
美度MIDO-贝伦赛丽 BARONCELLI系列 M7600.2.21.8 机械女表,美度,6045,
美度-贝伦赛丽系列 I M003.107.36.033.00 机械女表,美度,6922.5,
美度-舵手系列 M005.430.11.061.80 机械男表,美度,6237.5,
美度MIDO-贝伦赛丽系列 M022.207.22.116.10 机械女表（巴塞尔新款）,美度,8475,
美度MIDO-布鲁纳系列 M001.431.11.031.02 机械男表,美度,8675,
美度MIDO-贝伦赛丽 BARONCELLI系列 M027.207.36.260.00 机械女表,美度,8287.5,
美度MIDO-COMMANDER 指挥官系列 M021.431.16.051.00 机械男表（巴塞尔新款）,美度,8872.5,
美度MIDO-指挥官系列 M016.430.16.061.80 机械男表,美度,6425,
美度MIDO-都瑞系列 M1130.4.26.1 男士石英表,美度,2725,
美度MIDO-贝伦赛丽系列 M7600.4.69.1 机械女表,美度,6425,
美度MIDO-贝伦赛丽BARONCELLI系列 M8600.9.26.1 机械男表,美度,6825,
美度MIDO-贝伦赛丽系列 M7600.9.69.1 机械女表,美度,7400,
美度MIDO-都瑞系列 M2130.4.13.1 女士石英表,美度,2725,
美度-贝伦赛丽系列 M007.207.16.036.00 机械女表,美度,6337.5,
美度MIDO-贝伦赛丽系列 M7600.3.17.8 机械女表,美度,6037.5,
美度-贝伦赛丽系列 M007.207.16.106.00 机械女表,美度,6337.5,
美度MIDO-都瑞系列 M2130.9.26.1 女士石英表,美度,3212.5,
美度MIDO-贝伦赛丽 BARONCELLI系列 M7600.4.21.4 机械女表,美度,5460,
美度MIDO-贝伦赛丽I I系列 M8600.3.10.4 机械男表,美度,6045,
美度MIDO-贝伦赛丽系列 M007.207.11.038.00 机械女表,美度,6727.5,
卡西欧CASIO-EDIFICE系列 EFR-526D-7AVUPF 男士石英表,卡西欧,990,
" 【特惠商品一口价！不参加用券】卡西欧CASIO-EDIFICE系列 EFR-526D-1AVUPF 男士石英表",卡西欧,990,
" 【特惠商品一口价！不参加用券】卡西欧CASIO-G-SHOCK系列 DW-5600E-1VPF 运动液晶男表",卡西欧,790,
" 【特惠商品一口价！不参加用券】卡西欧CASIO-SHEEN系列  SHE-4523PGL-7AUPR 女士太阳能手表",卡西欧,1677.5,
卡西欧（CAISO）-G-SHOCK-EDIFICE系列  EFV-540D-1AVUPR 男士石英表,卡西欧,737.5,
" 【特惠商品一口价！不参加用券】卡西欧CASIO-SHEEN系列 SHE-4516SBD-7CUPR 时尚防水女表",卡西欧,1790,
卡西欧CASIO-G-SHOCK-EDIFICE系列 EFV-540L-1AVUPR 石英男表,卡西欧,737.5,
卡西欧CASIO-BABY-G系列 BA-110BE-7APR 时尚女表,卡西欧,890,
卡西欧CASIO-EDIFICE系列 EFR-526L-1AVUPF 男士石英表,卡西欧,890,
【特惠商品一口价！不参加用券】卡西欧CASIO-G-SHOCK系列 GA-110BY-1APR  时尚街头手表户外运动,卡西欧,987.5,
【特惠商品一口价!不参加用券】卡西欧SHEEN系列 SHE-4516SBD-7AUPR防水时尚太阳能女士手表,卡西欧,1566.25,
卡西欧CASIO-EDIFICE系列 EFR-517L-1AVPR 石英男表,卡西欧,1590,
" 【特惠商品一口价！不参加用券】卡西欧CASIO-SHEEN系列 SHE-3030GL-7AUPR 防水时尚石英女表",卡西欧,1090,
卡西欧BABY-G系列 GA-100CF-1A9PR 时尚街头手表户外运动男表,卡西欧,1190,
卡西欧G-SHOCK系列 GA-100CF-1APR迷彩户外运动防水男表,卡西欧,1190,
" 【特惠商品一口价！不参加用券】卡西欧Casio-EDIFICE系列 EFR-526BK-1A2VUPF 时尚石英男表",卡西欧,1490,
卡西欧CASIO-经典指针系列 MTP-E108L-7AVDF 商务休闲石英男表,卡西欧,423.75,
" 【特惠商品一口价！不参加用券】卡西欧CASIO-Edifice系列 EFR-304BL-1AVUPF 男士石英表",卡西欧,1290,
卡西欧CASIO-Edifice系列 EFR-303D-1AVUPR 男士石英表,卡西欧,1490,
卡西欧CASIO-G-SHOCK系列 GG-1000-1A3PR （绿色）时尚街头手表户外运动男表,卡西欧,1990,
" 【特惠商品一口价！不参加用券】卡西欧CASIO-G-SHOCK系列 G-5600E-1PR 户外男士手表",卡西欧,1190,
" 【特惠商品一口价！不参加用券】卡西欧CASIO-SHEEN系列 SHE-4048PGL-7AUPR 女士石英表",卡西欧,987.5,
卡西欧CASIO-EDIFICE系列 EF-343BK-1AVPF 防水石英男表,卡西欧,1490,
卡西欧CASIO-时尚系列 MTH-1052L-1AVPR 石英男表,卡西欧,622.5,
卡西欧CASIO-时尚系列 MTP-1303D-1AVDF 石英男表,卡西欧,447.5,
卡西欧G-SHOCK系列 GG-1000-1APR （黑色）潮流时尚运动表,卡西欧,1987.5,
" 【特惠商品一口价！不参加用券】卡西欧 G-SHOCK系列 GA-700-1APR 潮流时尚男表",卡西欧,990,
卡西欧CASIO-SHEEN系列 SHE-3034GL-7AUPR 商务石英女表,卡西欧,1300,
卡西欧CASIO-SHEEN系列 SHE-4048PGL-9AUPR 女士石英表,卡西欧,990,
" 【特惠商品一口价！不参加用券】卡西欧CASIO-BABY-G系列 BGA-240-7APR 潮流运动女表",卡西欧,740,
【特惠商品一口价!不参加用券】卡西欧CASIO-SHEEN系列  SHE-4048PGL-6AUPR 女士石英表,卡西欧,927.5,
卡西欧CASIO-EDIFICE系列 EFR-539BK-1A2VUPF  男士石英表,卡西欧,1690,
卡西欧CASIO-SHEEN系列  SHE-4522D-2AUPR 女士太阳能手表,卡西欧,1677.5,
卡西欧CASIO-时尚系列 MTH-1058D-7AVPF 石英男表,卡西欧,536.25,
卡西欧CASIO-G-SHOCK系列 GG-1000GB-1APR 潮流时尚运动男表,卡西欧,2090,
卡西欧CASIO-SHEEN系列  SHE-4029PGL-7AUPR 女士石英表,卡西欧,990,
" 【特惠商品一口价！不参加用券】卡西欧CASIO-EDIFICE系列 EFB-104SBB-1AVUPR 防水太阳能男表",卡西欧,1490,
卡西欧casio-EDIFICE系列 EQB-501XYDB-1AMPR 蓝牙太阳能男表,卡西欧,2595,
卡西欧CASIO-G-SHOCK系列 GA-710-1A2PR 潮流时尚男表,卡西欧,1012.5,
卡西欧（CASIO）-BABY-G系列 BGD-560-4PR 石英女表,卡西欧,600,
卡西欧CASIO-BABY-G系列 BA-110-4A2PR 石英女表,卡西欧,890,
卡西欧casio-SHEEN系列 SHE-5520PGL-7AUPR 石英女表,卡西欧,1487.5,
卡西欧CASIO-SHEEN系列 SHE-3057PGL-7AUPR 女士石英表,卡西欧,1387.5,
卡西欧CASIO-Edifice系列 ETD-300D-1AVUPR 男士石英表,卡西欧,1397.5,
卡西欧CASIO-时尚系列 MTP-1375L-1AVDF 石英男表,卡西欧,491.25,
卡西欧CASIO-SPORT系列 PRX-2000YT-1D 男士光能表(无货）,卡西欧,12487.5,
卡西欧Casio-EDIFICE系列 EQS-600YDB-1A2UPR 太阳能男表,卡西欧,1865,
卡西欧CASIO-PROTREK系列 PRW-6100YT-1BPR 太阳能运动户外登山男士手表,卡西欧,5287.5,
劳力士ROLEX-蚝式恒动系列 116231-63201黑色纪念花纹10钻 机械男表,劳力士,113062.5,
劳力士ROLEX-日志型系列 116333-72213白色 机械男表,劳力士,100350,
劳力士ROLEX -切利尼系列 50525-CROCO切利尼银色放射饰纹 男士机械表,劳力士,180000,
劳力士ROLEX-日志型系列 116234-G-63600银石 机械男表,劳力士,86737.5,
劳力士-女装日志型系列 178273-63163香槟色花纹10钻 女士机械表,劳力士,100350,
劳力士-女装日志型系列 279173-63343银色10钻 女士机械表,劳力士,91687.5,
劳力士-女装日志型系列 279173-63343香槟色金色罗马数字 女士机械表,劳力士,76050,
劳力士-蚝式恒动系列 116234-G-63600 黑石 男士机械表,劳力士,86737.5,
劳力士ROLEX-日志型系列 126333-G-62613黄石 机械男表,劳力士,131687.5,
劳力士-蚝式恒动系列 115210-72190粉红色 机械男表,劳力士,57037.5,
劳力士-女装日志型系列 279171-63341茄紫色10钻 女士机械表,劳力士,94387.5,
劳力士ROLEX-日志型系列 116334-72210铑白色蓝色阿拉伯数字 机械男表,劳力士,79987.5,
劳力士ROLEX-日志型系列 126331-62611太阳灰 机械男表,劳力士,117600,
劳力士-日志型系列 116243-63603香槟色10钻 机械男表,劳力士,160312.5,
劳力士-游艇名仕型系列 116681-78211游艇名仕2白色 机械男表,劳力士,233662.5,
劳力士-女装日志型系列 279173-63343银色 女士机械表,劳力士,76050,
劳力士-女装日志型系列 178273-63163银色10钻 女士机械表,劳力士,100350,
劳力士-女装日志型系列 178273-63163银色花纹10钻 女士机械表,劳力士,100350,
劳力士-女装日志型系列 279173-63343香槟色 女士机械表,劳力士,76050,
劳力士-女装日志型系列 279173-63343白色珍珠母10钻 女士机械表,劳力士,111037.5,
劳力士-女装日志型系列 279171-63341太阳灰 女士机械表,劳力士,78750,
劳力士-女装日志型系列 179174-63130银色10钻 女士机械表,劳力士,80887.5,
劳力士-女装日志型系列 279171-63341白色珍珠母10钻 女士机械表,劳力士,113737.5,
劳力士ROLEX-潜航者系列 黑水鬼 116610LN（黑色）机械男表,劳力士,112500,
劳力士ROLEX-潜航者型系列 绿水鬼/绿鬼  116610-LV-97200绿 机械男表（稀缺款）,劳力士,137500,
劳力士ROLEX-日志型系列 126300-72610SLR9 自动机械男表,劳力士,67987.5,
劳力士ROLEX- 切利尼系列50505-CROCO切利尼黑色36912罗马数字 机械男表,劳力士,141412.5,
劳力士ROLEX-日志型系列 126300-72610BK 自动机械男表,劳力士,67987.5,
劳力士ROLEX-蚝式恒动系列 114300-70400BK 自动机械男表,劳力士,48712.5,
劳力士ROLEX-日志型系列 126233-72803CH 自动机械男表,劳力士,101062.5,
劳力士-SKY DWELLER系列 326938-72418男士机械表,劳力士,428175,
劳力士ROLEX-日志型系列 126334-G-62610BU 自动机械男表,劳力士,105105,
劳力士ROLEX-日志型系列 126334-72610BK 自动机械男表,劳力士,87097.5,
劳力士ROLEX-日志型系列 126331-G-62611SD 自动机械男表 太阳光泽表盘,劳力士,134627.5,
劳力士ROLEX-日志型系列 126233-G-72803CH 自动机械男表,劳力士,120050,
劳力士ROLEX-日志型系列 126331-72611SLR9 自动机械男表,劳力士,111842.5,
劳力士ROLEX-日志型系列 126331-72611SD 自动机械男表 太阳光泽表盘,劳力士,111842.5,
劳力士ROLEX-日志型系列 279175-G-83345WTNG 自动机械女表,劳力士,281750,
劳力士ROLEX-日志型系列 126331-62611朱古力色 机械男表,劳力士,134627.5,
劳力士ROLEX-日志型系列 126334-62610WT 自动机械男表,劳力士,88077.5,
劳力士ROLEX-日志型系列 126233-J-62803SV 自动机械男表,劳力士,125930,
劳力士ROLEX-日志型系列 126334-G-72610DR 自动机械男表 深铑白色表盘,劳力士,104125,
劳力士ROLEX-日志型系列 126300-72610DR 自动机械男表 深铑白色表盘,劳力士,67987.5,
劳力士ROLEX-日志型系列 126334-G-62610BK 自动机械男表,劳力士,105105,
劳力士ROLEX-日志型系列 126233-G-62803BK 自动机械男表,劳力士,125930,
劳力士ROLEX-日志型系列 126233-72803WTRM 自动机械男表,劳力士,101062.5,
劳力士ROLEX-日志型系列 126233-62803WTRM 自动机械男表,劳力士,106942.5,
劳力士ROLEX-日志型系列 126333-72613黑 自动机械男表,劳力士,108902.5,
万国IWC-柏涛菲诺系列 IW356501 机械男表,万国,36960,
万国IWC-飞行员系列 IW327002 男士自动机械表,万国,34980,
万国IWC-葡萄牙系列 IW371445 机械男表,万国,61930,
万国IWC-柏涛菲诺系列 IW356502 机械男表 ,万国,36960,
万国IWC - 经典飞行员系列  IW377709 男士自动机械表,万国,43120,
万国IWC-柏涛菲诺系列 IW391007 机械男表,万国,46750,
万国IWC-柏涛菲诺系列 IW356505 机械男表,万国,45210,
万国IWC-葡萄牙计时码表 IW371446 机械男表,万国,61930,
万国IWC-柏涛菲诺系列 IW356517 男士自动机械表,万国,36960,
万国IWC-柏涛菲诺系列 IW356504 机械男表,万国,91080,
万国IWC-飞行员系列马克十八飞行员腕表“小王子”特别版 IW327010 自动机械男表 （旧型号为,万国,34980,
万国IWC-飞行员系列 IW324008 机械男表,万国,35090,
万国IWC-海洋时计系列 IW379506 自动机械男表 “鲨鱼”特别版,万国,97460,
万国IWC-葡萄牙系列 IW500705 男士自动机械表(新葡7序列),万国,102960,
万国IWC-飞行员系列 IW377717 男士自动机械表,万国,51920,
万国IWC-葡萄牙系列 IW371491 自动机械男表,万国,61930,
万国IWC-达文西系列 IW459306 自动机械女表,万国,70070,
万国IWC-柏涛菲诺 IW458101 中性自动机械表,万国,42350,
万国IWC-海洋时计系列 IW329001 自动机械表,万国,44440,
万国IWC-海洋时计系列 IW329005 男士自动机械表,万国,45870,
万国IWC-葡萄牙计时码表 IW371447 机械男表,万国,61930,
万国IWC-大型飞行员系列 IW500910 男士自动机械表,万国,119900,
万国IWC-柏涛菲诺系列 IW356507 机械男表,万国,45210,
万国IWC-飞行员系列 IW377701 机械男表,万国,46420,
万国IWC-飞行员系列 IW324002 男士自动机械表,万国,42790,
“安东尼•圣艾修佰里”特别版！ 万国IWC-马克飞行员系列 IW327003 男士自动机械表,万国,34980,
万国IWC-葡萄牙系列 IW500113 机械男表,万国,185900,
万国IWC-飞行员系列 IW325501 机械男表,万国,35200,
万国IWC-飞行员系列 IW377710 男士自动机械表,万国,51920,
万国IWC-葡萄牙系列 IW371482 机械男表,万国,128700,
万国IWC-系列 IW500121 男士自动机械表,万国,203500,
万国IWC-葡萄牙系列 IW500114 机械男表,万国,106920,
万国IWC-工程师系列 IW376501 机械男表,万国,92812.5,
万国IWC-海洋时计系列 IW379503 自动机械表,万国,83710,
万国IWC-大型飞行员系列  IW502635  机械男表,万国,315062.5,
万国IWC-达文西系列 IW458312 自动机械女表,万国,45980,
万国IWC-葡萄牙系列 IW503502 男士自动机械表,万国,168300,
万国IWC-达文西系列 IW356601 男士自动机械表,万国,45980,
万国IWC-葡萄牙系列 IW503405 男士自动机械表 万年历腕表“150周年”特别版  限量发行 250 枚,万国,323400,
万国IWC-工程师系列 IW500501 机械男表,万国,86250,
2017年新款！万国-达文西系列 IW458307 机械表,万国,54450,
万国IWC-柏涛菲诺系列 IW516201男士手动机械表,万国,105050,
万国IWC-达文西系列 IW458308 自动机械女表,万国,90860,
万国IWC-葡萄牙系列 IW503302 男士自动机械表,万国,306900,
万国IWC-柏涛菲诺系列 IW356521 自动机械男表,万国,94710,
万国IWC-柏涛菲诺系列 IW458118 中性自动机械表,万国,107800,
2017年新款！万国-飞行员系列 IW501005 机械男表,万国,114400,
万国IWC-飞行员系列 IW377714 男士自动机械表（万国小王子特别版）,万国,43120,
[瑞士原装正品，全球联保]欧米茄Omega-碟飞系列 424.10.37.20.02.001 机械男表,欧米茄,28500,
[瑞士原装正品，全球联保]欧米茄Omega-碟飞系列 424.13.40.20.02.001 机械男表,欧米茄,26812.5,
[瑞士原装正品，全球联保]欧米茄Omega-海马系列 212.30.41.20.03.001 机械男表,欧米茄,33210,
[瑞士原装正品，全球联保]欧米茄Omega-碟飞系列 424.13.40.20.01.001 机械男表,欧米茄,27500,
[瑞士原装正品，全球联保]欧米茄OMEGA-碟飞系列 424.13.40.20.02.002  机械男表,欧米茄,27500,
欧米茄Omega-星座系列 123.20.24.60.55.001 女士石英表,欧米茄,35465,
欧米茄OMEGA-碟飞系列 424.10.40.20.02.001 机械男表,欧米茄,29212.5,
欧米茄Omega-星座系列 123.20.27.60.08.001 女士石英表,欧米茄,31775,
欧米茄Omega-碟飞系列 424.10.37.20.03.001 机械男表,欧米茄,29212.5,
[瑞士原装正品，全球联保]欧米茄Omega-海马系列 212.30.41.20.01.003 机械男表,欧米茄,33200,
[瑞士原装正品，全球联保]欧米茄OMEGA-碟飞系列 424.13.40.20.03.001 机械男表,欧米茄,27500,
[瑞士原装正品，全球联保]欧米茄Omega-碟飞系列 424.10.37.20.01.001 机械男表,欧米茄,29212.5,
[瑞士原装正品，全球联保]欧米茄Omega-碟飞系列 424.13.40.21.02.001 机械男表,欧米茄,37412.5,
欧米茄Omega-星座系列 123.10.27.60.55.002 女士石英表,欧米茄,25932.5,
欧米茄Omega-星座系列 123.10.35.20.52.001 机械男表,欧米茄,42230,
欧米茄OMEGA-蝶飞系列  424.13.40.21.02.002 机械男表,欧米茄,37412.5,
欧米茄Omega-海马系列 231.10.42.21.03.003 机械男表,欧米茄,45920,
欧米茄Omega-碟飞典雅系列 424.10.33.20.53.001 机械、镶钻女表,欧米茄,31775,
欧米茄Omega-星座系列 123.20.35.20.58.001 机械男表,欧米茄,60475,
欧米茄Omega-星座系列 123.10.35.20.01.001 自动机械男表,欧米茄,33210,
欧米茄OMEGA-碟飞系列 424.10.40.20.02.002 机械男表,欧米茄,29212.5,
欧米茄OMEGA-碟飞系列 424.10.40.20.02.003 机械男表,欧米茄,29212.5,
欧米茄Omega-星座系列 123.10.38.21.51.001 机械男表,欧米茄,56375,
欧米茄Omega-星座系列 123.20.35.20.52.002 机械男表,欧米茄,60475,
欧米茄Omega-蝶飞系列 424.10.27.60.52.001 石英女表,欧米茄,25112.5,
欧米茄Omega-超霸系列 326.32.40.50.01.001 机械男表,欧米茄,35465,
欧米茄OMEGA-蝶飞系列  424.23.40.21.58.001 机械男表,欧米茄,56887.5,
欧米茄Omega-星座系列 123.20.27.60.55.001 女士石英表,欧米茄,37720,
欧米茄Omega-星座系列 123.20.35.20.02.002 机械男表,欧米茄,51352.5,
欧米茄Omega-星座系列 123.20.35.20.52.001 机械男表,欧米茄,60475,
欧米茄Omega-碟飞系列 424.13.40.21.01.001 机械男表,欧米茄,37412.5,
欧米茄Omega-星座系列 123.10.38.21.02.003 机械男表,欧米茄,45510,
欧米茄Omega-星座系列 123.10.35.20.02.002 机械表,欧米茄,33210,
欧米茄Omega-星座系列 123.10.38.21.01.001 机械男表,欧米茄,45510,
欧米茄Omega-星座系列 123.20.24.60.55.002 女士石英表 ,欧米茄,35465,
欧米茄Omega-星座系列 123.20.38.21.02.008 机械男表,欧米茄,65497.5,
欧米茄Omega-星座系列 123.20.35.20.01.002 机械男表,欧米茄,51352.5,
欧米茄Omega-星座系列 123.20.35.20.02.006 机械表,欧米茄,51352.5,
欧米茄Omega-星座系列 123.10.35.20.03.002 机械表,欧米茄,33210,
欧米茄Omega-星座系列 123.20.35.20.01.001 机械男表,欧米茄,51352.5,
欧米茄Omega-星座系列 123.10.38.21.06.001 机械男表,欧米茄,45510,
欧米茄Omega-碟飞系列 424.13.27.60.52.001 石英女表,欧米茄,22345,
欧米茄Omega-碟飞系列 424.10.40.20.02.004 自动机械男表,欧米茄,29212.5,
欧米茄Omega-星座系列 123.10.35.20.01.002 机械男表,欧米茄,33210,
欧米茄OMEGA-星座系列 123.10.38.21.02.002 机械男表,欧米茄,45612.5,
欧米茄Omega-海马系列 220.20.38.20.56.002 机械女表,欧米茄,89482.5,
欧米茄Omega-星座系列 123.10.38.21.02.004 自动机械男表,欧米茄,45612.5,
欧米茄Omega-星座系列 127.10.27.20.55.001 机械女表,欧米茄,52582.5,
CK-女士Ladies系列 K2G23620 女士石英表,CK,2096.25,
CK-女士Ladies系列 K3G23626 石英女表,CK,2486.25,
CK-女士Ladies系列 K4323120 女士石英表,CK,3312.5,
CK(Calvin Klein) 男士Gents系列 K2G271C1 石英男表,CK,2388.75,
CK-男士Gents系列 K2G21107 男士石英表,CK,1511.25,
CK-女士Ladies系列 K3G23126 女士石英表,CK,1912.5,
新品！！CK(Calvin Klein) -正午系列 K8M211C6 石英男表,CK,1657.5,
CK-男士- K3M22126 男石英表,CK,1560,
CK-女士Ladies系列 K4323185 女士石英表,CK,2237.5,
CK-男士Gents系列 K2G211C6 男士石英表,CK,1512.5,
CK-女士Ladies系列 K3M23126 石英女表 【新批次到货，商品按新旧随机发货】,CK,1575,
CK-男士Gents系列 K3M21126 石英男表,CK,1560,
CK-男士Gents系列 K2G21629 男士石英表,CK,1998.75,
CK-男士Gents系列 K1S21120  男士石英表,CK,1675,
CK-女士Ladies系列 K2G23107 女士石英表,CK,1511.25,
CK-女士Ladies系列 K2Y236K6  女士石英表,CK,2875,
CK-男士Gents系列 K2Y211C3  男士石英表,CK,2193.75,
CK-女士Ladies系列  K4323130  女士石英表,CK,2242.5,
CK-男士Gents系列 K2G271C3 石英男表,CK,2388.75,
CK-IMPETUOUS系列 K4F2N616 时尚女表,CK,2387.5,
CK(Calvin Klein) -男士Gents系列 K3M2112Y 石英男表,CK,1560,
CK-CITY系列 K2G271C6 石英男表,CK,2387.5,
CK-男士Gents系列 K2G276G3 石英男表,CK,2778.75,
CK-女士Ladies系列 K3G23121 石英女表,CK,1900,
CK(Calvin Klein) 男士Gents系列 K4N21146 石英男表,CK,2145,
CK(Calvin Klein) -女士Ladies系列 K7W2M111 石英女表,CK,1900,
CK(Calvin Klein) -女士Ladies系列 K8G23626 石英女表,CK,2486.25,
CK(Calvin KleiK)-中性Midsize系列手表 K3M2212Z 中性手表,CK,1560,
CK-女士Ladies系列 K3N23121 石英女表,CK,1725,
CK-女士Ladies系列 K3N23126 石英女表,CK,1706.25,
CK(Calvin Klein) -男士Gents系列 K2G27146 石英男表,CK,2562.5,
CK-男士Gents系列  K3M21123  男士石英表,CK,1560,
CK(Calvin Klein) -REBEL系列 K8P231Q4 石英女表,CK,1511.25,
CK(Calvin Klein) -REBEL系列 K8P231C1 石英女表,CK,1511.25,
CK(Calvin Klein) 男士Gents系列 K4N21141 石英男表,CK,2162.5,
CK（Calvin Klein）-中性Midsize系列手表 K3M2112Z 石英中性手表,CK,1575,
CK(Calvin Klein) 男士Gents系列 K2G211GK 石英男表,CK,1511.25,
CK（Calvin Klein）-CITY都会系列手表 K2G2G4C1 石英男表,CK,1998.75,
CK(Calvin Klein) -女士Ladies系列 K8G23646 石英女表,CK,2486.25,
CK(Calvin Klein) -男士Gents系列 K2F21120 石英男表,CK,1437.5,
CK（Calvin Klein）-女士Ladies系列手表 K7Q21141 石英女表,CK,1811.25,
CK(Calvin Klein) -女士Ladies系列 K7B236G6 石英女表,CK,2096.25,
CK(Calvin Klein) -女士Ladies系列 K7A236LH 石英女表,CK,1852.5,
CK(Calvin Klein) 女士Ladies系列 K4U23126 石英女表,CK,1608.75,
CK-女士Ladies系列  K3M22123 女士石英表,CK,1560,
CK-女士ladies系列 K3M231Y3 女士石英表,CK,1560,
CK（Calvin Klein）-女士Ladies系列手表 K3M22421 石英女表,CK,2193.75,
CK(Calvin Klein) -女士Ladies系列 K6S2N111 石英女表,CK,1852.5,
卡地亚Cartier-蓝气球系列 W69010Z4（小号） 女士石英表,卡地亚,41087.5,
卡地亚cartier-RONDE SOLO DE CARTIER系列 W6701011 机械男表,卡地亚,32893.75,
卡地亚cartier-TANK SOLO系列 W5200014 女士石英表,卡地亚,24462.5,
卡地亚cartier-蓝气球系列 W6920046 机械中性表,卡地亚,53912.5,
卡地亚Cartier-蓝气球系列 W69012Z4（大号） 机械男表,卡地亚,58306.25,
卡地亚cartier-TANK SOLO系列 W5200013 女士石英表,卡地亚,23512.5,
卡地亚cartier-TANK坦克系列 W5330003 机械男表,卡地亚,59968.75,
卡地亚Cartier-RONDE SOLO DE CARTIER系列 WSRN0022 机械男表,卡地亚,30875,
卡地亚Cartier-CLÉ DE CARTIER系列 WSCL0017 自动机械女表,卡地亚,39187.5,
卡地亚cartier-CLÉ DE CARTIER 系列 WSCL0016 自动机械女表,卡地亚,38831.25,
卡地亚Cartier-蓝气球系列 WE902073 石英女表,卡地亚,54387.5,
卡地亚Cartier-BALLON BLEU DE蓝气球系列 W6920071 机械女表,卡地亚,51062.5,
卡地亚Cartier-蓝气球系列 W6920085 机械女表,卡地亚,46668.75,
卡地亚Cartier-TANK SOLO系列 WSTA0030 石英女表,卡地亚,21375,
卡地亚cartier-RONDE SOLO系列 W6701004 女士石英表,卡地亚,24225,
卡地亚cartier-TANK SOLO系列 WSTA0028 中性石英表,卡地亚,22443.75,
卡地亚Cartier-ROTONDE DE CARTIER系列 WSRN0019 石英女表,卡地亚,21968.75,
卡地亚Cartier-TANK系列 W5200028 机械男表,卡地亚,32418.75,
卡地亚cartier-TANK SOLO系列 W5200004 女士石英表,卡地亚,46431.25,
卡地亚Cartier-蓝气球系列 W69017Z4 机械中性表,卡地亚,49993.75,
卡地亚Cartier-TANK系列 W5200027 机械男表（新款型号：WSTA0029）,卡地亚,30281.25,
卡地亚cartier-CALIBRE DE CARTIER系列 W7100015 机械男表,卡地亚,69468.75,
卡地亚cartier-Ballon Bleu蓝气球系列 W6920100 女士机械表,卡地亚,53318.75,
卡地亚cartier-蓝气球系列 WE902074 女士机械表,卡地亚,65906.25,
卡地亚Cartier-蓝气球系列 W6900356 机械男表,卡地亚,122312.5,
卡地亚Cartier-PANTHÈRE DE CARTIER系列  WSPN0006 石英女表,卡地亚,35150,
卡地亚cartier-CLÉ DE CARTIER系列  WSCL0007 机械男表,卡地亚,46312.5,
卡地亚cartier-DRIVE DE CARTIER 系列 WSNM0004 机械男表,卡地亚,55575,
卡地亚Cartier-CLÉ DE CARTIER系列 WSCL0005 机械女表,卡地亚,39187.5,
卡地亚Cartier-PANTHÈRE DE CARTIER系列 WSPN0007 石英女表,卡地亚,41087.5,
卡地亚cartier-TANK系列 W5200024 石英女表,卡地亚,40493.75,
卡地亚cartier-TANK系列  WE110007 石英女表,卡地亚,47737.5,
卡地亚Cartier-蓝气球系列 WGBB0009 自动机械女表,卡地亚,122312.5,
卡地亚cartier-Ronde Louis Cartier系列 WR000251 女士石英表,卡地亚,147250,
卡地亚cartier-TANK系列  WT100025 机械女表,卡地亚,96781.25,
卡地亚Cartier-CLÉ DE CARTIER系列  WJCL0032 机械女表,卡地亚,125875,
卡地亚Cartier-蓝气球系列 WE902077 机械女表,卡地亚,161500,
卡地亚Cartier-CLÉ DE CARTIER系列  WGCL0010 机械女表,卡地亚,92031.25,
卡地亚Cartier-CLÉ DE CARTIER系列 WJCL0047 自动机械女表,卡地亚,184656.25,
卡地亚Cartier-蓝气球系列 WJBB0010 自动机械女表,卡地亚,137750,
卡地亚Cartier-TANK系列 WT100032 石英女表,卡地亚,87875,
卡地亚Cartier-TANK系列 WSTA0016 石英女表,卡地亚,35268.75,
卡地亚Cartier-CLÉ DE CARTIER系列 WSCL0006 自动机械女表,卡地亚,42750,
卡地亚cartier-CLÉ DE CARTIER系列  WJCL0031 机械女表,卡地亚,110437.5,
卡地亚Cartier-TANK系列 WSTA0018 自动机械男表,卡地亚,51062.5,
卡地亚Cartier-CLÉ DE CARTIER系列  WGCL0013 机械女表,卡地亚,105093.75,
卡地亚Cartier-Santos 100系列 W20126X8 女性机械表,卡地亚,56050,
卡地亚Cartier-TANK系列 W5310007 中性自动机械表,卡地亚,81343.75,
积家JAEGER-LECOULTRE-Master control系列 Q1368420 自动机械男表,积家,69187.5,
积家JAEGER-LECOULTRE-约会系列 Q3468421 自动机械女表,积家,93787.5,
积家 REVERSO系列 Q2788520 男士机械表,积家,64681.25,
积家JAEGER-LECOULTRE-Master Control系列 Q1548420 机械男表 ,积家,50225,
积家JAEGER-LECOULTRE-大师系列 Q1378420  自动机械男表,积家,68675,
积家JAEGER-LECOULTRE-空气钟系列 Q5111202 经典月相空气钟,积家,67650,
积家JAEGER-LECOULTRE-空气钟系列 Q5112202 月相空气钟,积家,67650,
积家Jaeger LeCoultre-翻转系列 Q2458420 手动机械男表,积家,68675,
Jaeger LeCoultre 积家 Master大师系列 Q1288420 机械男表,积家,59450,
积家-双翼系列 Q6012420  手动男士机械表,积家,411400,
积家-MasterControl系列 Q1372520  男士自动机械表,积家,141450,
积家Jaeger-LeCoultre-约会系列 Q3448420 自动机械女表,积家,101475,
积家JAEGER-LECOULTRE-约会系列 Q3448120 自动机械女表,积家,109675,
积家JAEGER-LECOULTRE-Master大师系列 Q1332511 自动机械男表 ,积家,110700,
积家JAEGER-LECOULTRE-MASTER大师系列 Q1558420 自动机械男表,积家,75337.5,
积家JAEGER-LECOULTRE-Master Geographic地理学家大师系列 Q1422421 机械男表,积家,183700,
积家Jaeger Lecoultre-翻转系列 Q2668430 手动机械女表,积家,65600,
积家JAEGER-LECOULTRE-Master Control系列 Q1538420 机械男表,积家,77000,
积家JAEGER-LECOULTRE-MASTER系列 Q1358420 机械男表,积家,57912.5,
积家Jaeger Lecoultre-约会系列 Q3448190 自动机械女表,积家,79950,
Jaeger LeCoultre 积家 Master大师系列Q1368470 超薄月相大师 机械男表 ,积家,69187.5,
Jaeger LeCoultre 积家 Master大师系列 Q1278420 机械男表,积家,56887.5,
积家JAEGER-LECOULTRE-约会系列 Q3442520 日夜显示、女士腕表,积家,178200,
积家Jaeger Master大师系列 Q1252520 超薄月相自动机械女表,积家,120950,
积家Jaeger LeCoultre-Reverso翻转系列 Q2662430 手动机械女表,积家,133250,
Jaeger LeCoultre 积家 Reverso翻转系列 Q2578120 自动机械男表,积家,88662.5,
积家JAEGER-LECOULTRE-约会系列 Q3448421 机械女表,积家,101475,
Jaeger LeCoultre 积家 Reverso翻转系列 Q2572420 自动机械男表,积家,169125,
积家Jaeger Lecoultre-约会系列 Q3548490 自动机械女表,积家,78925,
积家JAEGER-LECOULTRE-MASTER大师系列 Q1552520 自动机械男表,积家,168100,
积家-Jaeger LeCoultre 翻转系列 Q3358120 女士机械机芯表,积家,105600,
积家Jaeger Lecoultre- 约会系列 Q3512520 自动机械女表,积家,141450,
积家Jaeger Lecoultre-Master大师系列 Q1422521 自动机械男表,积家,168100,
积家-Jaeger LeCoultre 约会系列 Q3563430 机械女表,积家,78100,
积家Jaeger Master大师系列 Q1252501 自动机械女表,积家,162975,
积家-Master Ultra Thin Perpetual系列 Q1302520 自动机械男表,积家,239850,
积家Jaeger-LeCoultre-北宸系列 Q9008480 自动机械男表,积家,53300,
积家Jaeger Lecoultre-超薄大师系列 Q1352502 自动机械男表,积家,152725,
积家Jaeger Lecoultre-Master Geographic地理学家大师系列 Q8108120 机械男表,积家,123000,
积家-Master Ultra Thin Perpetual系列 Q130842J 机械男表,积家,160600,
积家Jaeger Lecoultre-翻转系列 Q3352420 女士手动机械表,积家,182450,
积家Jaeger Lecoultre- 约会系列 Q3468190 自动机械女表,积家,75850,
积家JAEGER-LECOULTRE-MASTER大师系列 Q1562521 机械男表,积家,632500,
积家Jaeger LeCoultre-双翼系列 Q6042422 手动机械男表,积家,330000,
积家Jaeger-LeCoultre-北宸系列 Q9028470 自动机械男表,积家,79437.5,
Jaeger LeCoultre 积家 Master大师系列 Q136255J 机械男表,积家,139700,
积家Jaeger Lecoultre-Master大师系列 Q1272501 自动机械男表,积家,148625,
积家JAEGER-LECOULTRE-Master Control系列 Q1352420 机械男表,积家,133100,
天梭TISSOT-LADY HEART系列 T050.207.16.116.02 机械女表,天梭,4750,
天梭TISSOT-杜鲁尔系列 T099.407.36.038.00 机械男表,天梭,6125,
天梭TISSO-杜鲁尔系列 T099.207.16.118.00 自动机械女表,天梭,5325,
天梭tissot-Luxury系列 T086.408.11.031.00 机械男表,天梭,6935,
天梭TISSOT-杜鲁尔系列 T099.407.16.447.00 机械男表,天梭,5740,
全新升级！！！天梭TISSOT-力洛克系列 T006.407.22.033.00 机械男表,天梭,5517.5,
【天梭原装正品，全球联保两年】天梭TISSOT-力洛克系列T006.407.11.033.00 自动机械男表,天梭,4275,
【天梭原装正品，全球联保两年】 天梭TISSOT-力洛克系列 T006.407.11.053.00 机械男表,天梭,4275,
"[天梭原装正品，全球联保两年]
天梭TISSOT-俊雅系列 T063.610.11.037.00 石英男表",天梭,2425,
【天梭原装正品，全球联保两年】天梭TISSOT-力洛克系列 T006.407.16.053.00机械男表,天梭,3900,
【天梭原装正品，全球联保两年】天梭TISSOT-力洛克系列 T006.407.16.033.00 自动机械男表,天梭,3900,
[天梭原装正品，全球联保两年]天梭TISSOT-海星系列 T065.430.16.031.00 机械男表,天梭,3662.5,
【天梭原装正品，全球联保两年】天梭TISSOT-力洛克系列 T41.1.183.33 机械女表,天梭,4225,
[天梭原装正品，全球联保两年]天梭TISSOT- TRADITION系列 T063.617.36.037.00 石英男表,天梭,3375,
天梭tissot-库图系列 T035.210.16.011.00 石英女表,天梭,2187.5,
天梭TISSOT-海星系列 T065.430.11.051.00 机械男表,天梭,3987.5,
"[天梭原装正品，全球联保两年]
天梭TISSOT-力洛克系列T41.1.183.53 机械女表",天梭,4225,
" 天梭TISSOT-海星系列 T065.430.16.051.00 机械男表",天梭,3662.5,
天梭Tissot-库图系列 T035.210.16.371.00 石英女表,天梭,2187.5,
天梭TISSOT- 俊雅系列 T063.617.16.037.00 石英男表,天梭,3040,
天梭TISSOT-库图系列 T035.210.11.011.00 石英女表,天梭,2425,
天梭TISSOT-俊雅系列 T063.610.36.037.00 石英男表,天梭,2425,
" 天梭TISSOT-海星系列 T065.430.11.031.00 机械男表",天梭,3987.5,
天梭TISSOT-俊雅系列 T063.610.16.038.00 石英男表,天梭,2090,
天梭Tissot-时尚系列 T058.009.11.031.00 石英女表,天梭,2187.5,
天梭Tissot-卡森系列 T085.407.16.013.00 机械男表,天梭,3987.5,
天梭Tissot-库图系列 T035.210.16.011.01 石英女表,天梭,2187.5,
天梭TISSOT-力洛克系列 T41.1.183.34 机械女表,天梭,4225,
天梭TISSOT-库图系列 T035.627.16.031.00 机械男表,天梭,6225,
天梭TISSOT-T-Tempo天博系列 T060.407.11.051.00 机械男表,天梭,5087.5,
" 天梭TISSOT-海星系列 T065.430.22.031.00 机械男表",天梭,4700,
天梭TISSOT-弗拉明戈系列 T094.210.11.111.00 石英女表,天梭,2375,
天梭Tissot-卡森系列 T085.410.16.013.00 石英男表,天梭,1950,
天梭TISSOT-俊雅系列 T063.610.16.058.00 石英男表,天梭,2090,
天梭TISSOT- 杜鲁尔系列 T099.407.11.058.00 机械男表,天梭,6125,
天梭TISSOT-Luxury系列 T086.407.11.031.00 机械男表,天梭,5362.5,
天梭Tissot-卡森系列 T085.210.11.011.00 石英女表,天梭,2187.5,
天梭Tissot-PRC200系列 T055.417.11.047.00 石英男表,天梭,3662.5,
天梭TISSOT-LADY HEART系列 T050.207.16.116.00 机械女表,天梭,4752.5,
天梭TISSOT-库图系列 T035.617.11.031.00 石英男表,天梭,3850,
天梭TISSOT-俊雅系列 T063.637.36.037.00 石英男表,天梭,3375,
天梭Tissot-库图系列 T035.410.16.051.00 石英男表,天梭,2475,
天梭TISSOT-唯意系列 T038.430.22.037.00 机械男表,天梭,5037.5,
天梭TISSO-PR 100系列 T101.410.11.051.00 石英男表,天梭,2090,
女神刘亦菲代言同款：天梭TISSOT-杜鲁尔系列 T099.207.16.116.00  自动机械女表,天梭,6362.5,
天梭TISSOT-库图系列 T035.617.11.051.00 石英男表,天梭,3850,
天梭TISSOT-库图系列 T035.210.16.051.00 石英女表,天梭,2187.5,
天梭TISSOT-卡森系列 T085.407.11.011.00 机械男表,天梭,4375,
瑞士进口 迪沃斯（DAVOSA）-Amaranto Quartz 阿玛兰托系列 16248015 石英男表,迪沃斯,1225,
【预计12月底到货】绿蛟龙！瑞士迪沃斯(DAVOSA)-DivinG 潜水系列 Ternos特勒斯 HC/200-绿 16155570 ,迪沃斯,6912.5,
瑞士进口 迪沃斯(DAVOSA) -Gentleman绅士系列 Classic 经典之作 16145615 机械男表,迪沃斯,6120,
瑞士进口 迪沃斯(DAVOSA) -Gentleman 绅士系列 Classic经典之作 16145632 机械男表(以实物为准）,迪沃斯,6120,
瑞士进口 迪沃斯(DAVOSA)-Pianos Quartz 钢琴家系列 16248626 石英男表 ,迪沃斯,1286.25,
瑞士进口 迪沃斯(DAVOSA) -Diving 潜水系列 Ternos特勒斯 HC/200-蓝 16155540 机械男表,迪沃斯,7312.5,
瑞士进口 迪沃斯(DAVOSA) -Gentleman 绅士系列 Classic经典之作 魅蓝绅士 16145611 机械男表,迪沃斯,6885,
瑞士进口 迪沃斯（DAVOSA）-Amaranto Quartz 阿玛兰托系列 16756122 石英女表,迪沃斯,2125,
瑞士进口 迪沃斯（DAVOSA）-Amaranto Quartz 阿玛兰托系列 16248026 石英男表,迪沃斯,2125,
瑞士进口 迪沃斯（DAVOSA）-Classic Quartz 经典系列 16246615 男士商务、石英表,迪沃斯,1975,
瑞士进口 迪沃斯（DAVOSA）- Classic Quartz 经典系列 16755655 石英女表（已绝版）,迪沃斯,2212.5,
瑞士进口 迪沃斯（DAVOSA）-Classic Quartz 经典系列 16346355 石英男表,迪沃斯,2537.5,
瑞士进口 迪沃斯DAVOSA-Diving 潜水系列 Argonautic Lumis 阿尔戈水手 16150960 机械男表,迪沃斯,8000,
瑞士进口 迪沃（DAVOSA）-Diving潜水系列 阿戈尔水手 BG 16152240 自动机械男表 ,迪沃斯,7625,
瑞士进口 迪沃斯（DAVOSA）-Classic Quartz 经典系列 16246715 石英男表,迪沃斯,1408.75,
瑞士进口 迪沃斯(DAVOSA) -Gentleman 绅士系列 Classic 经典之作 16145612 机械男表,迪沃斯,6120,
瑞士进口 迪沃斯(DAVOSA)-Pianos Quartz 钢琴家系列 16756626 石英女表,迪沃斯,1286.25,
瑞士进口 迪沃斯（DAVOSA）-Amaranto Quartz 阿玛兰托系列 16248022 石英男表,迪沃斯,2125,
【职场精英推荐】瑞士进口 迪沃斯DAVOSA-Gentleman 绅士系列 Classic 经典之作 16145651 机械男表,迪沃斯,6120,
瑞士进口 迪沃斯（DAVOSA）-Innovation 杰作系列 16156155 机械男表,迪沃斯,8250,
瑞士进口 迪沃斯（DAVOSA）-Diving潜水系列 Apnea Diver无氧潜水员 16156855 机械男表（赠送表带）,迪沃斯,9437.5,
瑞士进口 迪沃斯(DAVOSA)-Pianos Quartz 钢琴家系列 16248626、16756626 石英情侣表,迪沃斯,4425,
瑞士进口 迪沃斯（DAVOSA）-Classic Quartz 经典系列 16856915 石英女表（已绝版）,迪沃斯,2900,
瑞士进口 迪沃斯(DAVOSA)-Pianos Quartz 钢琴家系列 16248515 石英男表 ,迪沃斯,1712.5,
瑞士进口 迪沃斯（DAVOSA）-Classic Quartz 经典系列 16755615 女士石英表（已绝版）,迪沃斯,2212.5,
瑞士进口 迪沃斯（DAVOSA）-Classic Quartz 经典系列 16346715 男士石英表,迪沃斯,3187.5,
瑞士进口 迪沃斯（DAVOSA）-Classic Quartz 经典系列 16346315 男士石英表,迪沃斯,2537.5,
瑞士进口 迪沃斯(DAVOSA)- Gentleman 绅士系列 Flatline智雅 16248315 石英男表,迪沃斯,2712.5,
瑞士进口 迪沃斯(DAVOSA)-Pianos Quartz 钢琴家系列 16756515 石英女表,迪沃斯,1937.5,
瑞士进口 迪沃斯（DAVOSA）-Amaranto Quartz 阿玛兰托系列 16756126 石英女表,迪沃斯,2125,
瑞士进口 迪沃斯(DAVOSA)- Pianos Quartz 钢琴家系列 16756526 石英女表,迪沃斯,1937.5,
瑞士进口 迪沃斯（DAVOSA）-Diving潜水系列 Ternos Professional TT 特勒斯 16155940 机械男表,迪沃斯,7625,
瑞士进口 迪沃斯(DAVOSA)-Gentleman 绅士系列 Flatline智雅 16248355 石英男表,迪沃斯,2350,
瑞士进口 迪沃斯(DAVOSA) -Gentleman 绅士系列 Classic 经典之作 16145650 机械男表,迪沃斯,6581.25,
瑞士进口 迪沃斯（DAVOSA）-Classic Quartz 经典系列 16856955 石英女表（已绝版）,迪沃斯,2900,
瑞士进口 迪沃斯(DAVOSA)-Parangon Quartz 剑心系列 16756315 石英女表,迪沃斯,2400,
瑞士进口 迪沃斯DAVOSA-Diva 女主角系列 Classic 经典之作 16618916 机械女表,迪沃斯,6525,
瑞士进口 迪沃斯（DAVOSA）- Gentleman 绅士系列 Flatline智雅 16248365 石英男表,迪沃斯,1875,
瑞士进口 迪沃斯(DAVOSA)-Gentleman 绅士系列 Vireo商务精英 16348115 石英男表,迪沃斯,2143.75,
瑞士进口 迪沃斯(DAVOSA)-Pianos Quartz 钢琴家系列 16248635 石英男表  ,迪沃斯,1286.25,
瑞士进口 迪沃斯(DAVOSA)-Gentleman绅士系列 Vireo商务精英 16249355 石英男表,迪沃斯,3187.5,
" 瑞士进口 迪沃斯(DAVOSA)-Classic Quartz 经典石英系列 二次芯 双时区16249754 石英男表",迪沃斯,2925,
瑞士进口 迪沃斯(DAVOSA)-Gentleman 绅士系列 Vireo商务精英 16348155 石英男表,迪沃斯,3650,
瑞士进口 迪沃斯（DAVOSA）-Amaranto Quartz 阿玛兰托系列 16756215 石英女表,迪沃斯,2312.5,
瑞士进口 迪沃斯(DAVOSA)-Pianos Quartz 钢琴家系列 16248515、16756515 情侣石英表 ,迪沃斯,3650,
瑞士进口 迪沃斯(DAVOSA)-Grande Diva 演奏家系列 16550060 镂空机械表(男、女皆宜）,迪沃斯,5568.75,
瑞士进口 迪沃斯(DAVOSA)-Gentleman 绅士系列 Vireo商务精英 16249215 双时区 石英男表,迪沃斯,2400,
瑞士进口 迪沃斯（DAVOSA）-Amaranto Quartz 阿玛兰托系列 16756115 石英女表,迪沃斯,2125,
lemon plus 22,水果,19.8,
lemon,水果,9.8,
lemon,水果,9.8,
lemon,水果,9.8,
lemon,水果,9.8,
lemon,水果,9.8,
lemon,水果,9.8,
lemon,水果,9.8,
lemon,水果,9.8,
lemon,水果,9.8,
good1,手机,2998,2021-06-22T08:40:04.795Z
